{
    "name": "root",
    "gauges": {
        "HunterController.Policy.Entropy.mean": {
            "value": 1.4070963859558105,
            "min": 1.4070963859558105,
            "max": 1.4189382791519165,
            "count": 15
        },
        "HunterController.Policy.Entropy.sum": {
            "value": 13744.517578125,
            "min": 13744.517578125,
            "max": 15256.4248046875,
            "count": 15
        },
        "HunterController.Environment.EpisodeLength.mean": {
            "value": 120.9010989010989,
            "min": 81.38372093023256,
            "max": 306.6363636363636,
            "count": 15
        },
        "HunterController.Environment.EpisodeLength.sum": {
            "value": 11002.0,
            "min": 6999.0,
            "max": 11002.0,
            "count": 15
        },
        "HunterController.Step.mean": {
            "value": 149964.0,
            "min": 9965.0,
            "max": 149964.0,
            "count": 15
        },
        "HunterController.Step.sum": {
            "value": 149964.0,
            "min": 9965.0,
            "max": 149964.0,
            "count": 15
        },
        "HunterController.Policy.ExtrinsicValueEstimate.mean": {
            "value": 0.7939989566802979,
            "min": -0.4410333037376404,
            "max": 0.7939989566802979,
            "count": 15
        },
        "HunterController.Policy.ExtrinsicValueEstimate.sum": {
            "value": 165.1517791748047,
            "min": -82.03219604492188,
            "max": 165.1517791748047,
            "count": 15
        },
        "HunterController.Environment.CumulativeReward.mean": {
            "value": 5.164835164835165,
            "min": -11.470588235294118,
            "max": 5.608108108108108,
            "count": 15
        },
        "HunterController.Environment.CumulativeReward.sum": {
            "value": 470.0,
            "min": -750.0,
            "max": 470.0,
            "count": 15
        },
        "HunterController.Policy.ExtrinsicReward.mean": {
            "value": 5.164835164835165,
            "min": -11.470588235294118,
            "max": 5.608108108108108,
            "count": 15
        },
        "HunterController.Policy.ExtrinsicReward.sum": {
            "value": 470.0,
            "min": -750.0,
            "max": 470.0,
            "count": 15
        },
        "HunterController.IsTraining.mean": {
            "value": 1.0,
            "min": 1.0,
            "max": 1.0,
            "count": 15
        },
        "HunterController.IsTraining.sum": {
            "value": 1.0,
            "min": 1.0,
            "max": 1.0,
            "count": 15
        },
        "AgentController.Policy.Entropy.mean": {
            "value": 1.4137988090515137,
            "min": 1.4137988090515137,
            "max": 1.422727346420288,
            "count": 15
        },
        "AgentController.Policy.Entropy.sum": {
            "value": 13809.986328125,
            "min": 13809.986328125,
            "max": 15256.4248046875,
            "count": 15
        },
        "AgentController.Environment.EpisodeLength.mean": {
            "value": 120.9010989010989,
            "min": 81.38372093023256,
            "max": 306.6363636363636,
            "count": 15
        },
        "AgentController.Environment.EpisodeLength.sum": {
            "value": 11002.0,
            "min": 6999.0,
            "max": 11002.0,
            "count": 15
        },
        "AgentController.Step.mean": {
            "value": 149964.0,
            "min": 9965.0,
            "max": 149964.0,
            "count": 15
        },
        "AgentController.Step.sum": {
            "value": 149964.0,
            "min": 9965.0,
            "max": 149964.0,
            "count": 15
        },
        "AgentController.Policy.ExtrinsicValueEstimate.mean": {
            "value": 0.15668901801109314,
            "min": -0.15978600084781647,
            "max": 0.2130267322063446,
            "count": 15
        },
        "AgentController.Policy.ExtrinsicValueEstimate.sum": {
            "value": 32.59131622314453,
            "min": -32.596343994140625,
            "max": 41.51810073852539,
            "count": 15
        },
        "AgentController.Environment.CumulativeReward.mean": {
            "value": 0.6923076923076923,
            "min": -7.40625,
            "max": 1.9493670886075949,
            "count": 15
        },
        "AgentController.Environment.CumulativeReward.sum": {
            "value": 63.0,
            "min": -444.0,
            "max": 154.0,
            "count": 15
        },
        "AgentController.Policy.ExtrinsicReward.mean": {
            "value": 0.6923076923076923,
            "min": -7.40625,
            "max": 1.9493670886075949,
            "count": 15
        },
        "AgentController.Policy.ExtrinsicReward.sum": {
            "value": 63.0,
            "min": -444.0,
            "max": 154.0,
            "count": 15
        },
        "AgentController.IsTraining.mean": {
            "value": 1.0,
            "min": 1.0,
            "max": 1.0,
            "count": 15
        },
        "AgentController.IsTraining.sum": {
            "value": 1.0,
            "min": 1.0,
            "max": 1.0,
            "count": 15
        },
        "HunterController.Losses.PolicyLoss.mean": {
            "value": 0.022315160713818234,
            "min": 0.019723859145354558,
            "max": 0.03240654219019537,
            "count": 14
        },
        "HunterController.Losses.PolicyLoss.sum": {
            "value": 0.022315160713818234,
            "min": 0.019723859145354558,
            "max": 0.03240654219019537,
            "count": 14
        },
        "HunterController.Losses.ValueLoss.mean": {
            "value": 1.341116468111674,
            "min": 1.0143572608629863,
            "max": 3.866117811203003,
            "count": 14
        },
        "HunterController.Losses.ValueLoss.sum": {
            "value": 1.341116468111674,
            "min": 1.0143572608629863,
            "max": 3.866117811203003,
            "count": 14
        },
        "HunterController.Policy.LearningRate.mean": {
            "value": 0.00027843030718989996,
            "min": 0.00027843030718989996,
            "max": 0.00029845680051440005,
            "count": 14
        },
        "HunterController.Policy.LearningRate.sum": {
            "value": 0.00027843030718989996,
            "min": 0.00027843030718989996,
            "max": 0.00029845680051440005,
            "count": 14
        },
        "HunterController.Policy.Epsilon.mean": {
            "value": 0.1928101,
            "min": 0.1928101,
            "max": 0.1994856,
            "count": 14
        },
        "HunterController.Policy.Epsilon.sum": {
            "value": 0.1928101,
            "min": 0.1928101,
            "max": 0.1994856,
            "count": 14
        },
        "HunterController.Policy.Beta.mean": {
            "value": 0.00464122399,
            "min": 0.00464122399,
            "max": 0.004974331440000002,
            "count": 14
        },
        "HunterController.Policy.Beta.sum": {
            "value": 0.00464122399,
            "min": 0.00464122399,
            "max": 0.004974331440000002,
            "count": 14
        },
        "AgentController.Losses.PolicyLoss.mean": {
            "value": 0.023027399717830122,
            "min": 0.018025853515913088,
            "max": 0.02928018323921909,
            "count": 14
        },
        "AgentController.Losses.PolicyLoss.sum": {
            "value": 0.023027399717830122,
            "min": 0.018025853515913088,
            "max": 0.02928018323921909,
            "count": 14
        },
        "AgentController.Losses.ValueLoss.mean": {
            "value": 4.801719466845195,
            "min": 1.7128257075945537,
            "max": 4.943544514973959,
            "count": 14
        },