{
    "name": "root",
    "gauges": {
        "HunterController.Policy.Entropy.mean": {
            "value": 1.4098258018493652,
            "min": 1.4098258018493652,
            "max": 1.4295159578323364,
            "count": 22
        },
        "HunterController.Policy.Entropy.sum": {
            "value": 14008.029296875,
            "min": 13887.0859375,
            "max": 15256.4248046875,
            "count": 22
        },
        "HunterController.Environment.EpisodeLength.mean": {
            "value": 58.53048780487805,
            "min": 56.58757062146893,
            "max": 317.09375,
            "count": 22
        },
        "HunterController.Environment.EpisodeLength.sum": {
            "value": 9599.0,
            "min": 5995.0,
            "max": 11612.0,
            "count": 22
        },
        "HunterController.Step.mean": {
            "value": 219951.0,
            "min": 9968.0,
            "max": 219951.0,
            "count": 22
        },
        "HunterController.Step.sum": {
            "value": 219951.0,
            "min": 9968.0,
            "max": 219951.0,
            "count": 22
        },
        "HunterController.Policy.ExtrinsicValueEstimate.mean": {
            "value": 1.8146324157714844,
            "min": -0.4145442545413971,
            "max": 1.8146324157714844,
            "count": 22
        },
        "HunterController.Policy.ExtrinsicValueEstimate.sum": {
            "value": 430.06787109375,
            "min": -75.22010803222656,
            "max": 434.5387268066406,
            "count": 22
        },
        "HunterController.Environment.CumulativeReward.mean": {
            "value": 8.43558282208589,
            "min": -13.75,
            "max": 8.43558282208589,
            "count": 22
        },
        "HunterController.Environment.CumulativeReward.sum": {
            "value": 1375.0,
            "min": -605.0,
            "max": 1375.0,
            "count": 22
        },
        "HunterController.Policy.ExtrinsicReward.mean": {
            "value": 8.43558282208589,
            "min": -13.75,
            "max": 8.43558282208589,
            "count": 22
        },
        "HunterController.Policy.ExtrinsicReward.sum": {
            "value": 1375.0,
            "min": -605.0,
            "max": 1375.0,
            "count": 22
        },
        "HunterController.IsTraining.mean": {
            "value": 1.0,
            "min": 1.0,
            "max": 1.0,
            "count": 22
        },
        "HunterController.IsTraining.sum": {
            "value": 1.0,
            "min": 1.0,
            "max": 1.0,
            "count": 22
        },
        "AgentController.Policy.Entropy.mean": {
            "value": 1.3988544940948486,
            "min": 1.3971507549285889,
            "max": 1.4189692735671997,
            "count": 22
        },
        "AgentController.Policy.Entropy.sum": {
            "value": 13899.0185546875,
            "min": 13723.7373046875,
            "max": 15256.4248046875,
            "count": 22
        },
        "AgentController.Environment.EpisodeLength.mean": {
            "value": 58.53048780487805,
            "min": 56.58757062146893,
            "max": 317.09375,
            "count": 22
        },
        "AgentController.Environment.EpisodeLength.sum": {
            "value": 9599.0,
            "min": 5995.0,
            "max": 11612.0,
            "count": 22
        },
        "AgentController.Step.mean": {
            "value": 219951.0,
            "min": 9968.0,
            "max": 219951.0,
            "count": 22
        },
        "AgentController.Step.sum": {
            "value": 219951.0,
            "min": 9968.0,
            "max": 219951.0,
            "count": 22
        },
        "AgentController.Policy.ExtrinsicValueEstimate.mean": {
            "value": -0.016812240704894066,
            "min": -0.1441531777381897,
            "max": 0.5017128586769104,
            "count": 22
        },
        "AgentController.Policy.ExtrinsicValueEstimate.sum": {
            "value": -3.9845008850097656,
            "min": -26.524185180664062,
            "max": 118.74313354492188,
            "count": 22
        },
        "AgentController.Environment.CumulativeReward.mean": {
            "value": 0.5276073619631901,
            "min": -6.771428571428571,
            "max": 6.803921568627451,
            "count": 22
        },
        "AgentController.Environment.CumulativeReward.sum": {
            "value": 86.0,
            "min": -334.0,
            "max": 518.0,
            "count": 22
        },
        "AgentController.Policy.ExtrinsicReward.mean": {
            "value": 0.5276073619631901,
            "min": -6.771428571428571,
            "max": 6.803921568627451,
            "count": 22
        },
        "AgentController.Policy.ExtrinsicReward.sum": {
            "value": 86.0,
            "min": -334.0,
            "max": 518.0,
            "count": 22
        },
        "AgentController.IsTraining.mean": {
            "value": 1.0,
            "min": 1.0,
            "max": 1.0,
            "count": 22
        },
        "AgentController.IsTraining.sum": {
            "value": 1.0,
            "min": 1.0,
            "max": 1.0,
            "count": 22
        },
        "HunterController.Losses.PolicyLoss.mean": {
            "value": 0.020387542458289925,
            "min": 0.01794779582123738,
            "max": 0.02814438126515597,
            "count": 21
        },
        "HunterController.Losses.PolicyLoss.sum": {
            "value": 0.020387542458289925,
            "min": 0.01794779582123738,
            "max": 0.02814438126515597,
            "count": 21
        },
        "HunterController.Losses.ValueLoss.mean": {
            "value": 1.5581624468167623,
            "min": 1.031200212240219,
            "max": 3.361647280057271,
            "count": 21
        },
        "HunterController.Losses.ValueLoss.sum": {
            "value": 1.5581624468167623,
            "min": 1.031200212240219,
            "max": 3.361647280057271,
            "count": 21
        },
        "HunterController.Policy.LearningRate.mean": {
            "value": 0.00026762281079239993,
            "min": 0.00026762281079239993,
            "max": 0.0002984550005150001,
            "count": 21
        },
        "HunterController.Policy.LearningRate.sum": {
            "value": 0.00026762281079239993,
            "min": 0.00026762281079239993,
            "max": 0.0002984550005150001,
            "count": 21
        },
        "HunterController.Policy.Epsilon.mean": {
            "value": 0.18920759999999992,
            "min": 0.18920759999999992,
            "max": 0.19948500000000005,
            "count": 21
        },
        "HunterController.Policy.Epsilon.sum": {
            "value": 0.18920759999999992,
            "min": 0.18920759999999992,
            "max": 0.19948500000000005,
            "count": 21
        },
        "HunterController.Policy.Beta.mean": {
            "value": 0.004461459239999998,
            "min": 0.004461459239999998,
            "max": 0.0049743015,
            "count": 21
        },
        "HunterController.Policy.Beta.sum": {
            "value": 0.004461459239999998,
            "min": 0.004461459239999998,
            "max": 0.0049743015,
            "count": 21
        },
        "AgentController.Losses.PolicyLoss.mean": {
            "value": 0.02524160560181675,
            "min": 0.01668810495757498,
            "max": 0.029887182006496003,
            "count": 21
        },
        "AgentController.Losses.PolicyLoss.sum": {
            "value": 0.02524160560181675,
            "min": 0.01668810495757498,
            "max": 0.029887182006496003,
            "count": 21
        },
        "AgentController.Losses.ValueLoss.mean": {
            "value": 9.135081926981607,
            "min": 1.2748328427473703,
            "max": 9.135081926981607,
            "count": 21
        },