{
    "name": "root",
    "gauges": {
        "HunterController.Policy.Entropy.mean": {
            "value": 1.4546482563018799,
            "min": 1.418938398361206,
            "max": 1.4546482563018799,
            "count": 23
        },
        "HunterController.Policy.Entropy.sum": {
            "value": 14453.384765625,
            "min": 13996.052734375,
            "max": 14779.7255859375,
            "count": 23
        },
        "HunterController.Step.mean": {
            "value": 229952.0,
            "min": 9968.0,
            "max": 229952.0,
            "count": 23
        },
        "HunterController.Step.sum": {
            "value": 229952.0,
            "min": 9968.0,
            "max": 229952.0,
            "count": 23
        },
        "HunterController.Policy.ExtrinsicValueEstimate.mean": {
            "value": -0.06050612032413483,
            "min": -0.3388496935367584,
            "max": 0.01443421095609665,
            "count": 23
        },
        "HunterController.Policy.ExtrinsicValueEstimate.sum": {
            "value": -11.375150680541992,
            "min": -58.62099838256836,
            "max": 2.742500066757202,
            "count": 23
        },
        "HunterController.Environment.EpisodeLength.mean": {
            "value": 168.67857142857142,
            "min": 157.0983606557377,
            "max": 302.0625,
            "count": 23
        },
        "HunterController.Environment.EpisodeLength.sum": {
            "value": 9446.0,
            "min": 7060.0,
            "max": 11249.0,
            "count": 23
        },
        "HunterController.Environment.CumulativeReward.mean": {
            "value": -1.1403508771929824,
            "min": -3.0,
            "max": -0.11627906976744186,
            "count": 23
        },
        "HunterController.Environment.CumulativeReward.sum": {
            "value": -65.0,
            "min": -150.0,
            "max": -5.0,
            "count": 23
        },
        "HunterController.Policy.ExtrinsicReward.mean": {
            "value": -1.1403508771929824,
            "min": -3.0,
            "max": -0.11627906976744186,
            "count": 23
        },
        "HunterController.Policy.ExtrinsicReward.sum": {
            "value": -65.0,
            "min": -150.0,
            "max": -5.0,
            "count": 23
        },
        "HunterController.IsTraining.mean": {
            "value": 1.0,
            "min": 1.0,
            "max": 1.0,
            "count": 23
        },
        "HunterController.IsTraining.sum": {
            "value": 1.0,
            "min": 1.0,
            "max": 1.0,
            "count": 23
        },
        "AgentController.Policy.Entropy.mean": {
            "value": 1.4258055686950684,
            "min": 1.4164448976516724,
            "max": 1.4277900457382202,
            "count": 23
        },
        "AgentController.Policy.Entropy.sum": {
            "value": 14166.8046875,
            "min": 13960.248046875,
            "max": 14737.09375,
            "count": 23
        },
        "AgentController.Step.mean": {
            "value": 229952.0,
            "min": 9968.0,
            "max": 229952.0,
            "count": 23
        },
        "AgentController.Step.sum": {
            "value": 229952.0,
            "min": 9968.0,
            "max": 229952.0,
            "count": 23
        },
        "AgentController.Policy.ExtrinsicValueEstimate.mean": {
            "value": 1.1209309101104736,
            "min": -0.47167283296585083,
            "max": 1.2153575420379639,
            "count": 23
        },
        "AgentController.Policy.ExtrinsicValueEstimate.sum": {
            "value": 210.73500061035156,
            "min": -77.82601928710938,
            "max": 230.91793823242188,
            "count": 23
        },
        "AgentController.Environment.EpisodeLength.mean": {
            "value": 168.67857142857142,
            "min": 157.0983606557377,
            "max": 302.0625,
            "count": 23
        },
        "AgentController.Environment.EpisodeLength.sum": {
            "value": 9446.0,
            "min": 7060.0,
            "max": 11249.0,
            "count": 23
        },
        "AgentController.Environment.CumulativeReward.mean": {
            "value": 20.228070175438596,
            "min": -10.696969696969697,
            "max": 21.86,
            "count": 23
        },
        "AgentController.Environment.CumulativeReward.sum": {
            "value": 1153.0,
            "min": -380.0,
            "max": 1229.0,
            "count": 23
        },
        "AgentController.Policy.ExtrinsicReward.mean": {
            "value": 20.228070175438596,
            "min": -10.696969696969697,
            "max": 21.86,
            "count": 23
        },
        "AgentController.Policy.ExtrinsicReward.sum": {
            "value": 1153.0,
            "min": -380.0,
            "max": 1229.0,
            "count": 23
        },
        "AgentController.IsTraining.mean": {
            "value": 1.0,
            "min": 1.0,
            "max": 1.0,
            "count": 23
        },
        "AgentController.IsTraining.sum": {
            "value": 1.0,
            "min": 1.0,
            "max": 1.0,
            "count": 23
        },
        "HunterController.Losses.PolicyLoss.mean": {
            "value": 0.025905270335109285,
            "min": 0.016678983755021668,
            "max": 0.03050346782486789,
            "count": 22
        },
        "HunterController.Losses.PolicyLoss.sum": {
            "value": 0.025905270335109285,
            "min": 0.016678983755021668,
            "max": 0.03050346782486789,
            "count": 22
        },
        "HunterController.Losses.ValueLoss.mean": {
            "value": 0.4781463146209717,
            "min": 0.08744705161079765,
            "max": 0.48616503973801933,
            "count": 22
        },
        "HunterController.Losses.ValueLoss.sum": {
            "value": 0.4781463146209717,
            "min": 0.08744705161079765,
            "max": 0.48616503973801933,
            "count": 22
        },
        "HunterController.Policy.LearningRate.mean": {
            "value": 0.0002660775113074999,
            "min": 0.0002660775113074999,
            "max": 0.0002984607005130999,
            "count": 22
        },
        "HunterController.Policy.LearningRate.sum": {
            "value": 0.0002660775113074999,
            "min": 0.0002660775113074999,
            "max": 0.0002984607005130999,
            "count": 22
        },
        "HunterController.Policy.Epsilon.mean": {
            "value": 0.18869250000000004,
            "min": 0.18869250000000004,
            "max": 0.19948690000000005,
            "count": 22
        },
        "HunterController.Policy.Epsilon.sum": {
            "value": 0.18869250000000004,
            "min": 0.18869250000000004,
            "max": 0.19948690000000005,
            "count": 22
        },
        "HunterController.Policy.Beta.mean": {
            "value": 0.004435755750000001,
            "min": 0.004435755750000001,
            "max": 0.0049743963099999995,
            "count": 22
        },
        "HunterController.Policy.Beta.sum": {
            "value": 0.004435755750000001,
            "min": 0.004435755750000001,
            "max": 0.0049743963099999995,
            "count": 22
        },
        "AgentController.Losses.PolicyLoss.mean": {
            "value": 0.02249575720343273,
            "min": 0.018947666223781804,
            "max": 0.030205966718494893,
            "count": 22
        },
        "AgentController.Losses.PolicyLoss.sum": {
            "value": 0.02249575720343273,
            "min": 0.018947666223781804,
            "max": 0.030205966718494893,
            "count": 22
        },
        "AgentController.Losses.ValueLoss.mean": {
            "value": 4.16133439540863,
            "min": 2.1736998518308,
            "max": 4.570863580703735,
            "count": 22
        },