{
    "name": "root",
    "gauges": {
        "AgentController.Policy.Entropy.mean": {
            "value": 1.371409296989441,
            "min": 1.371409296989441,
            "max": 1.3832606077194214,
            "count": 14
        },
        "AgentController.Policy.Entropy.sum": {
            "value": 13692.150390625,
            "min": 9778.26953125,
            "max": 14161.4453125,
            "count": 14
        },
        "AgentController.Step.mean": {
            "value": 669956.0,
            "min": 539958.0,
            "max": 669956.0,
            "count": 14
        },
        "AgentController.Step.sum": {
            "value": 669956.0,
            "min": 539958.0,
            "max": 669956.0,
            "count": 14
        },
        "AgentController.Policy.ExtrinsicValueEstimate.mean": {
            "value": 2.5009045600891113,
            "min": 1.2470289468765259,
            "max": 2.5009045600891113,
            "count": 14
        },
        "AgentController.Policy.ExtrinsicValueEstimate.sum": {
            "value": 397.6438293457031,
            "min": 161.60809326171875,
            "max": 401.3651123046875,
            "count": 14
        },
        "AgentController.IsTraining.mean": {
            "value": 1.0,
            "min": 1.0,
            "max": 1.0,
            "count": 14
        },
        "AgentController.IsTraining.sum": {
            "value": 1.0,
            "min": 1.0,
            "max": 1.0,
            "count": 14
        },
        "HunterController.Policy.Entropy.mean": {
            "value": 1.402484655380249,
            "min": 1.402484655380249,
            "max": 1.4188201427459717,
            "count": 14
        },
        "HunterController.Policy.Entropy.sum": {
            "value": 14002.40625,
            "min": 10029.6396484375,
            "max": 14521.044921875,
            "count": 14
        },
        "HunterController.Step.mean": {
            "value": 669956.0,
            "min": 539958.0,
            "max": 669956.0,
            "count": 14
        },
        "HunterController.Step.sum": {
            "value": 669956.0,
            "min": 539958.0,
            "max": 669956.0,
            "count": 14
        },
        "HunterController.Policy.ExtrinsicValueEstimate.mean": {
            "value": 1.1279608011245728,
            "min": 0.937915027141571,
            "max": 1.5641512870788574,
            "count": 14
        },
        "HunterController.Policy.ExtrinsicValueEstimate.sum": {
            "value": 179.34576416015625,
            "min": 143.90191650390625,
            "max": 237.79579162597656,
            "count": 14
        },
        "HunterController.IsTraining.mean": {
            "value": 1.0,
            "min": 1.0,
            "max": 1.0,
            "count": 14
        },
        "HunterController.IsTraining.sum": {
            "value": 1.0,
            "min": 1.0,
            "max": 1.0,
            "count": 14
        },
        "AgentController.Environment.EpisodeLength.mean": {
            "value": 1563.0,
            "min": 442.625,
            "max": 1620.2857142857142,
            "count": 13
        },
        "AgentController.Environment.EpisodeLength.sum": {
            "value": 7815.0,
            "min": 2170.0,
            "max": 12921.0,
            "count": 13
        },
        "AgentController.Environment.CumulativeReward.mean": {
            "value": 351.5,
            "min": 64.375,
            "max": 417.14285714285717,
            "count": 13
        },
        "AgentController.Environment.CumulativeReward.sum": {
            "value": 1757.5,
            "min": 430.0,
            "max": 2920.0,
            "count": 13
        },
        "AgentController.Policy.ExtrinsicReward.mean": {
            "value": 351.5,
            "min": 64.375,
            "max": 417.14285714285717,
            "count": 13
        },
        "AgentController.Policy.ExtrinsicReward.sum": {
            "value": 1757.5,
            "min": 430.0,
            "max": 2920.0,
            "count": 13
        },
        "AgentController.Losses.PolicyLoss.mean": {
            "value": 0.027215150427461293,
            "min": 0.015044761345294925,
            "max": 0.027215150427461293,
            "count": 13
        },
        "AgentController.Losses.PolicyLoss.sum": {
            "value": 0.027215150427461293,
            "min": 0.015044761345294925,
            "max": 0.027215150427461293,
            "count": 13
        },
        "AgentController.Losses.ValueLoss.mean": {
            "value": 7.138017336527507,
            "min": 7.035141897201538,
            "max": 8.737482929229737,
            "count": 13
        },
        "AgentController.Losses.ValueLoss.sum": {
            "value": 7.138017336527507,
            "min": 7.035141897201538,
            "max": 8.737482929229737,
            "count": 13
        },
        "AgentController.Policy.LearningRate.mean": {
            "value": 0.0001997325334225,
            "min": 0.0001997325334225,
            "max": 0.0002182287272571,
            "count": 13
        },
        "AgentController.Policy.LearningRate.sum": {
            "value": 0.0001997325334225,
            "min": 0.0001997325334225,
            "max": 0.0002182287272571,
            "count": 13
        },
        "AgentController.Policy.Epsilon.mean": {
            "value": 0.16657749999999996,
            "min": 0.16657749999999996,
            "max": 0.17274290000000006,
            "count": 13
        },
        "AgentController.Policy.Epsilon.sum": {
            "value": 0.16657749999999996,
            "min": 0.16657749999999996,
            "max": 0.17274290000000006,
            "count": 13
        },
        "AgentController.Policy.Beta.mean": {
            "value": 0.0033322172500000013,
            "min": 0.0033322172500000013,
            "max": 0.003639870710000002,
            "count": 13
        },
        "AgentController.Policy.Beta.sum": {
            "value": 0.0033322172500000013,
            "min": 0.0033322172500000013,
            "max": 0.003639870710000002,
            "count": 13
        },
        "HunterController.Environment.EpisodeLength.mean": {
            "value": 1563.0,
            "min": 442.625,
            "max": 1620.2857142857142,
            "count": 13
        },
        "HunterController.Environment.EpisodeLength.sum": {
            "value": 7815.0,
            "min": 2170.0,
            "max": 12921.0,
            "count": 13
        },
        "HunterController.Environment.CumulativeReward.mean": {
            "value": 227.0,
            "min": 12.5,
            "max": 227.0,
            "count": 13
        },
        "HunterController.Environment.CumulativeReward.sum": {
            "value": 1135.0,
            "min": 100.0,
            "max": 1760.0,
            "count": 13
        },
        "HunterController.Policy.ExtrinsicReward.mean": {
            "value": 227.0,
            "min": 12.5,
            "max": 227.0,
            "count": 13
        },
        "HunterController.Policy.ExtrinsicReward.sum": {
            "value": 1135.0,
            "min": 100.0,
            "max": 1760.0,
            "count": 13
        },
        "HunterController.Losses.PolicyLoss.mean": {
            "value": 0.018653935513672573,
            "min": 0.018653935513672573,
            "max": 0.0284076560405083,
            "count": 13
        },
        "HunterController.Losses.PolicyLoss.sum": {
            "value": 0.018653935513672573,
            "min": 0.018653935513672573,
            "max": 0.0284076560405083,
            "count": 13
        },
        "HunterController.Losses.ValueLoss.mean": {
            "value": 3.311914881070455,
            "min": 2.447129797935486,
            "max": 4.199529695510864,
            "count": 13
        },
        "HunterController.Losses.ValueLoss.sum": {
            "value": 3.311914881070455,
            "min": 2.447129797935486,
            "max": 4.199529695510864,