{
    "name": "root",
    "gauges": {
        "AgentController.Policy.Entropy.mean": {
            "value": 1.417484164237976,
            "min": 1.417484164237976,
            "max": 1.4277676343917847,
            "count": 17
        },
        "AgentController.Policy.Entropy.sum": {
            "value": 14237.2109375,
            "min": 13882.587890625,
            "max": 15018.04296875,
            "count": 17
        },
        "AgentController.Environment.EpisodeLength.mean": {
            "value": 189.92,
            "min": 185.76190476190476,
            "max": 293.70588235294116,
            "count": 17
        },
        "AgentController.Environment.EpisodeLength.sum": {
            "value": 9496.0,
            "min": 7802.0,
            "max": 11097.0,
            "count": 17
        },
        "AgentController.Step.mean": {
            "value": 169955.0,
            "min": 9956.0,
            "max": 169955.0,
            "count": 17
        },
        "AgentController.Step.sum": {
            "value": 169955.0,
            "min": 9956.0,
            "max": 169955.0,
            "count": 17
        },
        "AgentController.Policy.ExtrinsicValueEstimate.mean": {
            "value": 1.1347230672836304,
            "min": -0.08086908608675003,
            "max": 1.1347230672836304,
            "count": 17
        },
        "AgentController.Policy.ExtrinsicValueEstimate.sum": {
            "value": 200.84597778320312,
            "min": -13.50513744354248,
            "max": 200.84597778320312,
            "count": 17
        },
        "AgentController.Environment.CumulativeReward.mean": {
            "value": 25.64,
            "min": -2.857142857142857,
            "max": 25.64,
            "count": 17
        },
        "AgentController.Environment.CumulativeReward.sum": {
            "value": 1282.0,
            "min": -120.0,
            "max": 1282.0,
            "count": 17
        },
        "AgentController.Policy.ExtrinsicReward.mean": {
            "value": 25.64,
            "min": -2.857142857142857,
            "max": 25.64,
            "count": 17
        },
        "AgentController.Policy.ExtrinsicReward.sum": {
            "value": 1282.0,
            "min": -120.0,
            "max": 1282.0,
            "count": 17
        },
        "AgentController.IsTraining.mean": {
            "value": 1.0,
            "min": 1.0,
            "max": 1.0,
            "count": 17
        },
        "AgentController.IsTraining.sum": {
            "value": 1.0,
            "min": 1.0,
            "max": 1.0,
            "count": 17
        },
        "HunterController.Policy.Entropy.mean": {
            "value": 1.425866961479187,
            "min": 1.4189382791519165,
            "max": 1.4271897077560425,
            "count": 17
        },
        "HunterController.Policy.Entropy.sum": {
            "value": 14321.408203125,
            "min": 13869.4716796875,
            "max": 15018.04296875,
            "count": 17
        },
        "HunterController.Environment.EpisodeLength.mean": {
            "value": 189.92,
            "min": 185.76190476190476,
            "max": 293.70588235294116,
            "count": 17
        },
        "HunterController.Environment.EpisodeLength.sum": {
            "value": 9496.0,
            "min": 7802.0,
            "max": 11097.0,
            "count": 17
        },
        "HunterController.Step.mean": {
            "value": 169955.0,
            "min": 9956.0,
            "max": 169955.0,
            "count": 17
        },
        "HunterController.Step.sum": {
            "value": 169955.0,
            "min": 9956.0,
            "max": 169955.0,
            "count": 17
        },
        "HunterController.Policy.ExtrinsicValueEstimate.mean": {
            "value": -0.5297986268997192,
            "min": -0.5467689037322998,
            "max": 0.012284670025110245,
            "count": 17
        },
        "HunterController.Policy.ExtrinsicValueEstimate.sum": {
            "value": -93.77436065673828,
            "min": -95.68456268310547,
            "max": 2.1252479553222656,
            "count": 17
        },
        "HunterController.Environment.CumulativeReward.mean": {
            "value": -9.1,
            "min": -12.763157894736842,
            "max": -8.970588235294118,
            "count": 17
        },
        "HunterController.Environment.CumulativeReward.sum": {
            "value": -455.0,
            "min": -530.0,
            "max": -305.0,
            "count": 17
        },
        "HunterController.Policy.ExtrinsicReward.mean": {
            "value": -9.1,
            "min": -12.763157894736842,
            "max": -8.970588235294118,
            "count": 17
        },
        "HunterController.Policy.ExtrinsicReward.sum": {
            "value": -455.0,
            "min": -530.0,
            "max": -305.0,
            "count": 17
        },
        "HunterController.IsTraining.mean": {
            "value": 1.0,
            "min": 1.0,
            "max": 1.0,
            "count": 17
        },
        "HunterController.IsTraining.sum": {
            "value": 1.0,
            "min": 1.0,
            "max": 1.0,
            "count": 17
        },
        "AgentController.Losses.PolicyLoss.mean": {
            "value": 0.02165278754546307,
            "min": 0.01958108856342733,
            "max": 0.029380798758938908,
            "count": 16
        },
        "AgentController.Losses.PolicyLoss.sum": {
            "value": 0.02165278754546307,
            "min": 0.01958108856342733,
            "max": 0.029380798758938908,
            "count": 16
        },
        "AgentController.Losses.ValueLoss.mean": {
            "value": 2.0146328647931417,
            "min": 1.1473975459734598,
            "max": 2.0146328647931417,
            "count": 16
        },
        "AgentController.Losses.ValueLoss.sum": {
            "value": 2.0146328647931417,
            "min": 1.1473975459734598,
            "max": 2.0146328647931417,
            "count": 16
        },
        "AgentController.Policy.LearningRate.mean": {
            "value": 0.00027531735822754997,
            "min": 0.00027531735822754997,
            "max": 0.0002984592005135999,
            "count": 16
        },
        "AgentController.Policy.LearningRate.sum": {
            "value": 0.00027531735822754997,
            "min": 0.00027531735822754997,
            "max": 0.0002984592005135999,
            "count": 16
        },
        "AgentController.Policy.Epsilon.mean": {
            "value": 0.19177245000000007,
            "min": 0.19177245000000007,
            "max": 0.19948639999999992,
            "count": 16
        },
        "AgentController.Policy.Epsilon.sum": {
            "value": 0.19177245000000007,
            "min": 0.19177245000000007,
            "max": 0.19948639999999992,
            "count": 16
        },
        "AgentController.Policy.Beta.mean": {
            "value": 0.0045894452550000004,
            "min": 0.0045894452550000004,
            "max": 0.004974371360000002,
            "count": 16
        },
        "AgentController.Policy.Beta.sum": {
            "value": 0.0045894452550000004,
            "min": 0.0045894452550000004,
            "max": 0.004974371360000002,
            "count": 16
        },
        "HunterController.Losses.PolicyLoss.mean": {
            "value": 0.023677265246321137,
            "min": 0.01651796727067752,
            "max": 0.029397038106496135,
            "count": 16
        },
        "HunterController.Losses.PolicyLoss.sum": {
            "value": 0.023677265246321137,
            "min": 0.01651796727067752,
            "max": 0.029397038106496135,
            "count": 16
        },
        "HunterController.Losses.ValueLoss.mean": {
            "value": 2.18883216381073,
            "min": 1.7550451119740804,
            "max": 2.606213160355886,
            "count": 16
        },