{"cameraMode":{"drawMode":0,"name":"Shaded","section":"Shading Mode"},"sceneLighting":false,"audioPlay":false,"sceneViewState":{"m_AlwaysRefresh":false,"showFog":true,"showSkybox":false,"showFlares":true,"showImageEffects":true,"showParticleSystems":true,"showVisualEffectGraphs":true,"m_FxEnabled":true},"in2DMode":false,"pivot":{"x":26.81795883178711,"y":11.121199607849121,"z":-5.033479690551758},"rotation":{"x":0.34807702898979189,"y":0.03684016689658165,"z":-0.013693239539861679,"w":0.9366317391395569},"size":7.1656036376953129,"orthographic":false}