{"cameraMode":{"drawMode":0,"name":"Shaded","section":"Shading Mode"},"sceneLighting":false,"audioPlay":false,"sceneViewState":{"m_AlwaysRefresh":false,"showFog":true,"showSkybox":false,"showFlares":true,"showImageEffects":true,"showParticleSystems":true,"showVisualEffectGraphs":true,"m_FxEnabled":true},"in2DMode":false,"pivot":{"x":-1.6071797609329224,"y":0.4185885787010193,"z":4.359402179718018},"rotation":{"x":0.10057766735553742,"y":0.02569509670138359,"z":-0.003077226923778653,"w":0.994459331035614},"size":0.3464100658893585,"orthographic":false}