{
    "name": "root",
    "gauges": {
        "HunterController.Policy.Entropy.mean": {
            "value": 1.4492292404174805,
            "min": 1.418938398361206,
            "max": 1.4492292404174805,
            "count": 32
        },
        "HunterController.Policy.Entropy.sum": {
            "value": 13869.1240234375,
            "min": 13825.1044921875,
            "max": 16154.61328125,
            "count": 32
        },
        "HunterController.Environment.EpisodeLength.mean": {
            "value": 83.95348837209302,
            "min": 61.379746835443036,
            "max": 373.4193548387097,
            "count": 32
        },
        "HunterController.Environment.EpisodeLength.sum": {
            "value": 10830.0,
            "min": 4849.0,
            "max": 12895.0,
            "count": 32
        },
        "HunterController.Step.mean": {
            "value": 319948.0,
            "min": 9984.0,
            "max": 319948.0,
            "count": 32
        },
        "HunterController.Step.sum": {
            "value": 319948.0,
            "min": 9984.0,
            "max": 319948.0,
            "count": 32
        },
        "HunterController.Policy.ExtrinsicValueEstimate.mean": {
            "value": 0.3106023073196411,
            "min": -0.3211863040924072,
            "max": 0.3106023073196411,
            "count": 32
        },
        "HunterController.Policy.ExtrinsicValueEstimate.sum": {
            "value": 68.64311218261719,
            "min": -58.77709197998047,
            "max": 68.64311218261719,
            "count": 32
        },
        "HunterController.Environment.CumulativeReward.mean": {
            "value": 1.9921875,
            "min": -11.11111111111111,
            "max": 2.272727272727273,
            "count": 32
        },
        "HunterController.Environment.CumulativeReward.sum": {
            "value": 255.0,
            "min": -740.0,
            "max": 255.0,
            "count": 32
        },
        "HunterController.Policy.ExtrinsicReward.mean": {
            "value": 1.9921875,
            "min": -11.11111111111111,
            "max": 2.272727272727273,
            "count": 32
        },
        "HunterController.Policy.ExtrinsicReward.sum": {
            "value": 255.0,
            "min": -740.0,
            "max": 255.0,
            "count": 32
        },
        "HunterController.IsTraining.mean": {
            "value": 1.0,
            "min": 1.0,
            "max": 1.0,
            "count": 32
        },
        "HunterController.IsTraining.sum": {
            "value": 1.0,
            "min": 1.0,
            "max": 1.0,
            "count": 32
        },
        "AgentController.Policy.Entropy.mean": {
            "value": 1.393616795539856,
            "min": 1.393616795539856,
            "max": 1.4268678426742554,
            "count": 32
        },
        "AgentController.Policy.Entropy.sum": {
            "value": 13336.9130859375,
            "min": 13336.9130859375,
            "max": 16154.61328125,
            "count": 32
        },
        "AgentController.Environment.EpisodeLength.mean": {
            "value": 83.95348837209302,
            "min": 61.379746835443036,
            "max": 373.4193548387097,
            "count": 32
        },
        "AgentController.Environment.EpisodeLength.sum": {
            "value": 10830.0,
            "min": 4849.0,
            "max": 12895.0,
            "count": 32
        },
        "AgentController.Step.mean": {
            "value": 319948.0,
            "min": 9984.0,
            "max": 319948.0,
            "count": 32
        },
        "AgentController.Step.sum": {
            "value": 319948.0,
            "min": 9984.0,
            "max": 319948.0,
            "count": 32
        },
        "AgentController.Policy.ExtrinsicValueEstimate.mean": {
            "value": 2.8760690689086914,
            "min": -0.27674445509910583,
            "max": 2.8760690689086914,
            "count": 32
        },
        "AgentController.Policy.ExtrinsicValueEstimate.sum": {
            "value": 635.6112670898438,
            "min": -51.47446823120117,
            "max": 635.6112670898438,
            "count": 32
        },
        "AgentController.Environment.CumulativeReward.mean": {
            "value": 22.5625,
            "min": -10.205882352941176,
            "max": 25.071428571428573,
            "count": 32
        },
        "AgentController.Environment.CumulativeReward.sum": {
            "value": 2888.0,
            "min": -387.0,
            "max": 2888.0,
            "count": 32
        },
        "AgentController.Policy.ExtrinsicReward.mean": {
            "value": 22.5625,
            "min": -10.205882352941176,
            "max": 25.071428571428573,
            "count": 32
        },
        "AgentController.Policy.ExtrinsicReward.sum": {
            "value": 2888.0,
            "min": -387.0,
            "max": 2888.0,
            "count": 32
        },
        "AgentController.IsTraining.mean": {
            "value": 1.0,
            "min": 1.0,
            "max": 1.0,
            "count": 32
        },
        "AgentController.IsTraining.sum": {
            "value": 1.0,
            "min": 1.0,
            "max": 1.0,
            "count": 32
        },
        "HunterController.Losses.PolicyLoss.mean": {
            "value": 0.02039033618202666,
            "min": 0.017212679706669103,
            "max": 0.027789664862211794,
            "count": 31
        },
        "HunterController.Losses.PolicyLoss.sum": {
            "value": 0.02039033618202666,
            "min": 0.017212679706669103,
            "max": 0.027789664862211794,
            "count": 31
        },
        "HunterController.Losses.ValueLoss.mean": {
            "value": 1.877696959177653,
            "min": 1.0571378742655118,
            "max": 3.9758785168329873,
            "count": 31
        },
        "HunterController.Losses.ValueLoss.sum": {
            "value": 1.877696959177653,
            "min": 1.0571378742655118,
            "max": 3.9758785168329873,
            "count": 31
        },
        "HunterController.Policy.LearningRate.mean": {
            "value": 0.00025217056594315006,
            "min": 0.00025217056594315006,
            "max": 0.00029846100051299994,
            "count": 31
        },
        "HunterController.Policy.LearningRate.sum": {
            "value": 0.00025217056594315006,
            "min": 0.00025217056594315006,
            "max": 0.00029846100051299994,
            "count": 31
        },
        "HunterController.Policy.Epsilon.mean": {
            "value": 0.18405685000000005,
            "min": 0.18405685000000005,
            "max": 0.1994870000000001,
            "count": 31
        },
        "HunterController.Policy.Epsilon.sum": {
            "value": 0.18405685000000005,
            "min": 0.18405685000000005,
            "max": 0.1994870000000001,
            "count": 31
        },
        "HunterController.Policy.Beta.mean": {
            "value": 0.004204436815000001,
            "min": 0.004204436815000001,
            "max": 0.0049744012999999995,
            "count": 31
        },
        "HunterController.Policy.Beta.sum": {
            "value": 0.004204436815000001,
            "min": 0.004204436815000001,
            "max": 0.0049744012999999995,
            "count": 31
        },
        "AgentController.Losses.PolicyLoss.mean": {
            "value": 0.021750026281612614,
            "min": 0.01566845684622725,
            "max": 0.030694889067672194,
            "count": 31
        },
        "AgentController.Losses.PolicyLoss.sum": {
            "value": 0.021750026281612614,
            "min": 0.01566845684622725,
            "max": 0.030694889067672194,
            "count": 31
        },
        "AgentController.Losses.ValueLoss.mean": {
            "value": 11.240128739674885,
            "min": 2.0461618224779765,
            "max": 11.240128739674885,
            "count": 31
        },