{
    "name": "root",
    "gauges": {
        "AgentController.Policy.Entropy.mean": {
            "value": 1.3666059970855713,
            "min": 1.3666059970855713,
            "max": 1.434913992881775,
            "count": 70
        },
        "AgentController.Policy.Entropy.sum": {
            "value": 13972.1796875,
            "min": 13472.15625,
            "max": 15097.50390625,
            "count": 70
        },
        "AgentController.Step.mean": {
            "value": 699966.0,
            "min": 9975.0,
            "max": 699966.0,
            "count": 70
        },
        "AgentController.Step.sum": {
            "value": 699966.0,
            "min": 9975.0,
            "max": 699966.0,
            "count": 70
        },
        "AgentController.Policy.ExtrinsicValueEstimate.mean": {
            "value": 2.1651017665863037,
            "min": -0.34171488881111145,
            "max": 2.1651017665863037,
            "count": 70
        },
        "AgentController.Policy.ExtrinsicValueEstimate.sum": {
            "value": 426.5250549316406,
            "min": -57.74981689453125,
            "max": 436.8507385253906,
            "count": 70
        },
        "AgentController.Environment.EpisodeLength.mean": {
            "value": 96.70652173913044,
            "min": 96.70652173913044,
            "max": 386.3103448275862,
            "count": 70
        },
        "AgentController.Environment.EpisodeLength.sum": {
            "value": 8897.0,
            "min": 7896.0,
            "max": 11500.0,
            "count": 70
        },
        "AgentController.Environment.CumulativeReward.mean": {
            "value": 22.391304347826086,
            "min": -12.096774193548388,
            "max": 44.81481481481482,
            "count": 70
        },
        "AgentController.Environment.CumulativeReward.sum": {
            "value": 2060.0,
            "min": -375.0,
            "max": 2720.0,
            "count": 70
        },
        "AgentController.Policy.ExtrinsicReward.mean": {
            "value": 22.391304347826086,
            "min": -12.096774193548388,
            "max": 44.81481481481482,
            "count": 70
        },
        "AgentController.Policy.ExtrinsicReward.sum": {
            "value": 2060.0,
            "min": -375.0,
            "max": 2720.0,
            "count": 70
        },
        "AgentController.IsTraining.mean": {
            "value": 1.0,
            "min": 1.0,
            "max": 1.0,
            "count": 70
        },
        "AgentController.IsTraining.sum": {
            "value": 1.0,
            "min": 1.0,
            "max": 1.0,
            "count": 70
        },
        "HunterController.Policy.Entropy.mean": {
            "value": 1.3909751176834106,
            "min": 1.3909751176834106,
            "max": 1.4375313520431519,
            "count": 70
        },
        "HunterController.Policy.Entropy.sum": {
            "value": 14221.330078125,
            "min": 13721.884765625,
            "max": 15097.50390625,
            "count": 70
        },
        "HunterController.Step.mean": {
            "value": 699966.0,
            "min": 9975.0,
            "max": 699966.0,
            "count": 70
        },
        "HunterController.Step.sum": {
            "value": 699966.0,
            "min": 9975.0,
            "max": 699966.0,
            "count": 70
        },
        "HunterController.Policy.ExtrinsicValueEstimate.mean": {
            "value": 2.8352909088134766,
            "min": -0.5315656661987305,
            "max": 3.5061705112457275,
            "count": 70
        },
        "HunterController.Policy.ExtrinsicValueEstimate.sum": {
            "value": 558.5523071289062,
            "min": -88.77146911621094,
            "max": 711.7526245117188,
            "count": 70
        },
        "HunterController.Environment.EpisodeLength.mean": {
            "value": 96.70652173913044,
            "min": 96.70652173913044,
            "max": 386.3103448275862,
            "count": 70
        },
        "HunterController.Environment.EpisodeLength.sum": {
            "value": 8897.0,
            "min": 7896.0,
            "max": 11500.0,
            "count": 70
        },
        "HunterController.Environment.CumulativeReward.mean": {
            "value": 20.652173913043477,
            "min": -7.258064516129032,
            "max": 22.962962962962962,
            "count": 70
        },
        "HunterController.Environment.CumulativeReward.sum": {
            "value": 1900.0,
            "min": -225.0,
            "max": 2175.0,
            "count": 70
        },
        "HunterController.Policy.ExtrinsicReward.mean": {
            "value": 20.652173913043477,
            "min": -7.258064516129032,
            "max": 22.962962962962962,
            "count": 70
        },
        "HunterController.Policy.ExtrinsicReward.sum": {
            "value": 1900.0,
            "min": -225.0,
            "max": 2175.0,
            "count": 70
        },
        "HunterController.IsTraining.mean": {
            "value": 1.0,
            "min": 1.0,
            "max": 1.0,
            "count": 70
        },
        "HunterController.IsTraining.sum": {
            "value": 1.0,
            "min": 1.0,
            "max": 1.0,
            "count": 70
        },
        "AgentController.Losses.PolicyLoss.mean": {
            "value": 0.02342126004611297,
            "min": 0.014859266118583037,
            "max": 0.03157543068130811,
            "count": 68
        },
        "AgentController.Losses.PolicyLoss.sum": {
            "value": 0.02342126004611297,
            "min": 0.014859266118583037,
            "max": 0.03157543068130811,
            "count": 68
        },
        "AgentController.Losses.ValueLoss.mean": {
            "value": 13.378553326924642,
            "min": 2.9673616687456765,
            "max": 13.378553326924642,
            "count": 68
        },
        "AgentController.Losses.ValueLoss.sum": {
            "value": 13.378553326924642,
            "min": 2.9673616687456765,
            "max": 13.378553326924642,
            "count": 68
        },
        "AgentController.Policy.LearningRate.mean": {
            "value": 0.00019512438495854998,
            "min": 0.00019512438495854998,
            "max": 0.00029843655052115006,
            "count": 68
        },
        "AgentController.Policy.LearningRate.sum": {
            "value": 0.00019512438495854998,
            "min": 0.00019512438495854998,
            "max": 0.00029843655052115006,
            "count": 68
        },
        "AgentController.Policy.Epsilon.mean": {
            "value": 0.16504145000000006,
            "min": 0.16504145000000006,
            "max": 0.19947885000000007,
            "count": 68
        },
        "AgentController.Policy.Epsilon.sum": {
            "value": 0.16504145000000006,
            "min": 0.16504145000000006,
            "max": 0.19947885000000007,
            "count": 68
        },
        "AgentController.Policy.Beta.mean": {
            "value": 0.0032555683550000007,
            "min": 0.0032555683550000007,
            "max": 0.004973994615,
            "count": 68
        },
        "AgentController.Policy.Beta.sum": {
            "value": 0.0032555683550000007,
            "min": 0.0032555683550000007,
            "max": 0.004973994615,
            "count": 68
        },
        "HunterController.Losses.PolicyLoss.mean": {
            "value": 0.02146986127869847,
            "min": 0.01747828105192942,
            "max": 0.030543248176885147,
            "count": 68
        },
        "HunterController.Losses.PolicyLoss.sum": {
            "value": 0.02146986127869847,
            "min": 0.01747828105192942,
            "max": 0.030543248176885147,
            "count": 68
        },
        "HunterController.Losses.ValueLoss.mean": {
            "value": 6.319000498453776,
            "min": 0.1267249634489417,
            "max": 6.834100643793742,