{
    "name": "root",
    "gauges": {
        "AgentController.Policy.Entropy.mean": {
            "value": 1.421101450920105,
            "min": 1.4189382791519165,
            "max": 1.4302810430526733,
            "count": 16
        },
        "AgentController.Policy.Entropy.sum": {
            "value": 14256.490234375,
            "min": 13939.494140625,
            "max": 14681.4130859375,
            "count": 16
        },
        "AgentController.Environment.EpisodeLength.mean": {
            "value": 361.962962962963,
            "min": 199.53658536585365,
            "max": 361.962962962963,
            "count": 16
        },
        "AgentController.Environment.EpisodeLength.sum": {
            "value": 9773.0,
            "min": 7875.0,
            "max": 11551.0,
            "count": 16
        },
        "AgentController.Step.mean": {
            "value": 159966.0,
            "min": 9950.0,
            "max": 159966.0,
            "count": 16
        },
        "AgentController.Step.sum": {
            "value": 159966.0,
            "min": 9950.0,
            "max": 159966.0,
            "count": 16
        },
        "AgentController.Policy.ExtrinsicValueEstimate.mean": {
            "value": 0.499377578496933,
            "min": -0.5939071178436279,
            "max": 0.499377578496933,
            "count": 16
        },
        "AgentController.Policy.ExtrinsicValueEstimate.sum": {
            "value": 86.8917007446289,
            "min": -104.52764892578125,
            "max": 86.8917007446289,
            "count": 16
        },
        "AgentController.Environment.CumulativeReward.mean": {
            "value": 25.88888888888889,
            "min": -9.852941176470589,
            "max": 26.586206896551722,
            "count": 16
        },
        "AgentController.Environment.CumulativeReward.sum": {
            "value": 699.0,
            "min": -335.0,
            "max": 839.0,
            "count": 16
        },
        "AgentController.Policy.ExtrinsicReward.mean": {
            "value": 25.88888888888889,
            "min": -9.852941176470589,
            "max": 26.586206896551722,
            "count": 16
        },
        "AgentController.Policy.ExtrinsicReward.sum": {
            "value": 699.0,
            "min": -335.0,
            "max": 839.0,
            "count": 16
        },
        "AgentController.IsTraining.mean": {
            "value": 1.0,
            "min": 1.0,
            "max": 1.0,
            "count": 16
        },
        "AgentController.IsTraining.sum": {
            "value": 1.0,
            "min": 1.0,
            "max": 1.0,
            "count": 16
        },
        "HunterController.Policy.Entropy.mean": {
            "value": 1.4331371784210205,
            "min": 1.4189382791519165,
            "max": 1.4331371784210205,
            "count": 16
        },
        "HunterController.Policy.Entropy.sum": {
            "value": 14377.232421875,
            "min": 14006.873046875,
            "max": 14677.70703125,
            "count": 16
        },
        "HunterController.Environment.EpisodeLength.mean": {
            "value": 361.962962962963,
            "min": 199.53658536585365,
            "max": 361.962962962963,
            "count": 16
        },
        "HunterController.Environment.EpisodeLength.sum": {
            "value": 9773.0,
            "min": 7875.0,
            "max": 11551.0,
            "count": 16
        },
        "HunterController.Step.mean": {
            "value": 159966.0,
            "min": 9950.0,
            "max": 159966.0,
            "count": 16
        },
        "HunterController.Step.sum": {
            "value": 159966.0,
            "min": 9950.0,
            "max": 159966.0,
            "count": 16
        },
        "HunterController.Policy.ExtrinsicValueEstimate.mean": {
            "value": 0.009871321730315685,
            "min": -0.08327136188745499,
            "max": 0.6811983585357666,
            "count": 16
        },
        "HunterController.Policy.ExtrinsicValueEstimate.sum": {
            "value": 1.7176100015640259,
            "min": -14.239402770996094,
            "max": 119.89091491699219,
            "count": 16
        },
        "HunterController.Environment.CumulativeReward.mean": {
            "value": -1.6666666666666667,
            "min": -9.512195121951219,
            "max": 2.3076923076923075,
            "count": 16
        },
        "HunterController.Environment.CumulativeReward.sum": {
            "value": -45.0,
            "min": -390.0,
            "max": 60.0,
            "count": 16
        },
        "HunterController.Policy.ExtrinsicReward.mean": {
            "value": -1.6666666666666667,
            "min": -9.512195121951219,
            "max": 2.3076923076923075,
            "count": 16
        },
        "HunterController.Policy.ExtrinsicReward.sum": {
            "value": -45.0,
            "min": -390.0,
            "max": 60.0,
            "count": 16
        },
        "HunterController.IsTraining.mean": {
            "value": 1.0,
            "min": 1.0,
            "max": 1.0,
            "count": 16
        },
        "HunterController.IsTraining.sum": {
            "value": 1.0,
            "min": 1.0,
            "max": 1.0,
            "count": 16
        },
        "AgentController.Losses.PolicyLoss.mean": {
            "value": 0.02193881767258669,
            "min": 0.014936152892187238,
            "max": 0.030314364810086165,
            "count": 15
        },
        "AgentController.Losses.PolicyLoss.sum": {
            "value": 0.02193881767258669,
            "min": 0.014936152892187238,
            "max": 0.030314364810086165,
            "count": 15
        },
        "AgentController.Losses.ValueLoss.mean": {
            "value": 3.762120493253072,
            "min": 2.1163820147514345,
            "max": 4.028362671534221,
            "count": 15
        },
        "AgentController.Losses.ValueLoss.sum": {
            "value": 3.762120493253072,
            "min": 2.1163820147514345,
            "max": 4.028362671534221,
            "count": 15
        },
        "AgentController.Policy.LearningRate.mean": {
            "value": 0.0002768596577134499,
            "min": 0.0002768596577134499,
            "max": 0.00029846055051314994,
            "count": 15
        },
        "AgentController.Policy.LearningRate.sum": {
            "value": 0.0002768596577134499,
            "min": 0.0002768596577134499,
            "max": 0.00029846055051314994,
            "count": 15
        },
        "AgentController.Policy.Epsilon.mean": {
            "value": 0.19228655000000008,
            "min": 0.19228655000000008,
            "max": 0.1994868500000001,
            "count": 15
        },
        "AgentController.Policy.Epsilon.sum": {
            "value": 0.19228655000000008,
            "min": 0.19228655000000008,
            "max": 0.1994868500000001,
            "count": 15
        },
        "AgentController.Policy.Beta.mean": {
            "value": 0.004615098845,
            "min": 0.004615098845,
            "max": 0.004974393815000001,
            "count": 15
        },
        "AgentController.Policy.Beta.sum": {
            "value": 0.004615098845,
            "min": 0.004615098845,
            "max": 0.004974393815000001,
            "count": 15
        },
        "HunterController.Losses.PolicyLoss.mean": {
            "value": 0.0255302574611657,
            "min": 0.019607349392026664,
            "max": 0.03211016762070358,
            "count": 15
        },
        "HunterController.Losses.PolicyLoss.sum": {
            "value": 0.0255302574611657,
            "min": 0.019607349392026664,
            "max": 0.03211016762070358,
            "count": 15
        },
        "HunterController.Losses.ValueLoss.mean": {
            "value": 0.7882850666840872,
            "min": 0.01919713883350293,
            "max": 2.287361760934194,
            "count": 15
        },