{
    "name": "root",
    "gauges": {
        "HunterController.Policy.Entropy.mean": {
            "value": 1.4262564182281494,
            "min": 1.4189382791519165,
            "max": 1.4289367198944092,
            "count": 13
        },
        "HunterController.Policy.Entropy.sum": {
            "value": 14239.744140625,
            "min": 14076.984375,
            "max": 14536.9423828125,
            "count": 13
        },
        "HunterController.Step.mean": {
            "value": 129969.0,
            "min": 9939.0,
            "max": 129969.0,
            "count": 13
        },
        "HunterController.Step.sum": {
            "value": 129969.0,
            "min": 9939.0,
            "max": 129969.0,
            "count": 13
        },
        "HunterController.Policy.ExtrinsicValueEstimate.mean": {
            "value": -0.11710555851459503,
            "min": -0.9252641201019287,
            "max": -0.07994278520345688,
            "count": 13
        },
        "HunterController.Policy.ExtrinsicValueEstimate.sum": {
            "value": -18.736888885498047,
            "min": -146.1917266845703,
            "max": -12.71090316772461,
            "count": 13
        },
        "HunterController.Environment.EpisodeLength.mean": {
            "value": 1010.3333333333334,
            "min": 207.6,
            "max": 1097.5454545454545,
            "count": 13
        },
        "HunterController.Environment.EpisodeLength.sum": {
            "value": 12124.0,
            "min": 1038.0,
            "max": 13066.0,
            "count": 13
        },
        "HunterController.Environment.CumulativeReward.mean": {
            "value": -8.333333333333334,
            "min": -15.0,
            "max": -6.666666666666667,
            "count": 13
        },
        "HunterController.Environment.CumulativeReward.sum": {
            "value": -100.0,
            "min": -240.0,
            "max": -40.0,
            "count": 13
        },
        "HunterController.Policy.ExtrinsicReward.mean": {
            "value": -8.333333333333334,
            "min": -15.0,
            "max": -6.666666666666667,
            "count": 13
        },
        "HunterController.Policy.ExtrinsicReward.sum": {
            "value": -100.0,
            "min": -240.0,
            "max": -40.0,
            "count": 13
        },
        "HunterController.IsTraining.mean": {
            "value": 1.0,
            "min": 1.0,
            "max": 1.0,
            "count": 13
        },
        "HunterController.IsTraining.sum": {
            "value": 1.0,
            "min": 1.0,
            "max": 1.0,
            "count": 13
        },
        "AgentController.Policy.Entropy.mean": {
            "value": 1.433589220046997,
            "min": 1.4189382791519165,
            "max": 1.433589220046997,
            "count": 13
        },
        "AgentController.Policy.Entropy.sum": {
            "value": 14312.955078125,
            "min": 14127.404296875,
            "max": 14577.234375,
            "count": 13
        },
        "AgentController.Step.mean": {
            "value": 129969.0,
            "min": 9939.0,
            "max": 129969.0,
            "count": 13
        },
        "AgentController.Step.sum": {
            "value": 129969.0,
            "min": 9939.0,
            "max": 129969.0,
            "count": 13
        },
        "AgentController.Policy.ExtrinsicValueEstimate.mean": {
            "value": -0.11714309453964233,
            "min": -0.14935553073883057,
            "max": -0.031136061996221542,
            "count": 13
        },
        "AgentController.Policy.ExtrinsicValueEstimate.sum": {
            "value": -18.742895126342773,
            "min": -23.598173141479492,
            "max": -4.950634002685547,
            "count": 13
        },
        "AgentController.Environment.EpisodeLength.mean": {
            "value": 1010.3333333333334,
            "min": 207.6,
            "max": 1097.5454545454545,
            "count": 13
        },
        "AgentController.Environment.EpisodeLength.sum": {
            "value": 12124.0,
            "min": 1038.0,
            "max": 13066.0,
            "count": 13
        },
        "AgentController.Environment.CumulativeReward.mean": {
            "value": -9.666666666666666,
            "min": -12.5,
            "max": -3.0,
            "count": 13
        },
        "AgentController.Environment.CumulativeReward.sum": {
            "value": -116.0,
            "min": -133.0,
            "max": -15.0,
            "count": 13
        },
        "AgentController.Policy.ExtrinsicReward.mean": {
            "value": -9.666666666666666,
            "min": -12.5,
            "max": -3.0,
            "count": 13
        },
        "AgentController.Policy.ExtrinsicReward.sum": {
            "value": -116.0,
            "min": -133.0,
            "max": -15.0,
            "count": 13
        },
        "AgentController.IsTraining.mean": {
            "value": 1.0,
            "min": 1.0,
            "max": 1.0,
            "count": 13
        },
        "AgentController.IsTraining.sum": {
            "value": 1.0,
            "min": 1.0,
            "max": 1.0,
            "count": 13
        },
        "HunterController.Losses.PolicyLoss.mean": {
            "value": 0.022689269746964176,
            "min": 0.018111925850583552,
            "max": 0.027389189542736857,
            "count": 12
        },
        "HunterController.Losses.PolicyLoss.sum": {
            "value": 0.022689269746964176,
            "min": 0.018111925850583552,
            "max": 0.027389189542736857,
            "count": 12
        },
        "HunterController.Losses.ValueLoss.mean": {
            "value": 0.6164464165767034,
            "min": 0.4065989742676417,
            "max": 1.0576775391896567,
            "count": 12
        },
        "HunterController.Losses.ValueLoss.sum": {
            "value": 0.6164464165767034,
            "min": 0.4065989742676417,
            "max": 1.0576775391896567,
            "count": 12
        },
        "HunterController.Policy.LearningRate.mean": {
            "value": 0.00028150905616365,
            "min": 0.00028150905616365,
            "max": 0.0002984611505129499,
            "count": 12
        },
        "HunterController.Policy.LearningRate.sum": {
            "value": 0.00028150905616365,
            "min": 0.00028150905616365,
            "max": 0.0002984611505129499,
            "count": 12
        },
        "HunterController.Policy.Epsilon.mean": {
            "value": 0.19383634999999996,
            "min": 0.19383634999999996,
            "max": 0.19948705000000003,
            "count": 12
        },
        "HunterController.Policy.Epsilon.sum": {
            "value": 0.19383634999999996,
            "min": 0.19383634999999996,
            "max": 0.19948705000000003,
            "count": 12
        },
        "HunterController.Policy.Beta.mean": {
            "value": 0.004692433865000001,
            "min": 0.004692433865000001,
            "max": 0.004974403795,
            "count": 12
        },
        "HunterController.Policy.Beta.sum": {
            "value": 0.004692433865000001,
            "min": 0.004692433865000001,
            "max": 0.004974403795,
            "count": 12
        },
        "AgentController.Losses.PolicyLoss.mean": {
            "value": 0.015532861410368545,
            "min": 0.015532861410368545,
            "max": 0.030413796257926153,
            "count": 12
        },
        "AgentController.Losses.PolicyLoss.sum": {
            "value": 0.015532861410368545,
            "min": 0.015532861410368545,
            "max": 0.030413796257926153,
            "count": 12
        },
        "AgentController.Losses.ValueLoss.mean": {
            "value": 0.7661021361748378,
            "min": 0.1793894777695338,
            "max": 1.1046646316846211,
            "count": 12
        },