{"cameraMode":{"drawMode":0,"name":"Shaded","section":"Shading Mode"},"sceneLighting":false,"audioPlay":false,"sceneViewState":{"m_AlwaysRefresh":false,"showFog":true,"showSkybox":false,"showFlares":true,"showImageEffects":true,"showParticleSystems":true,"showVisualEffectGraphs":true,"m_FxEnabled":true},"in2DMode":false,"pivot":{"x":0.05580711364746094,"y":-2.384185791015625e-7,"z":6.112555027008057},"rotation":{"x":0.22038544714450837,"y":-0.026053287088871003,"z":0.005439592059701681,"w":0.9749147295951843},"size":2.0199010372161867,"orthographic":false}