{
    "name": "root",
    "gauges": {
        "HunterController.Policy.Entropy.mean": {
            "value": 1.44179105758667,
            "min": 1.4189382791519165,
            "max": 1.4521421194076538,
            "count": 48
        },
        "HunterController.Policy.Entropy.sum": {
            "value": 14279.498046875,
            "min": 13906.63671875,
            "max": 15006.69140625,
            "count": 48
        },
        "HunterController.Step.mean": {
            "value": 479974.0,
            "min": 9973.0,
            "max": 479974.0,
            "count": 48
        },
        "HunterController.Step.sum": {
            "value": 479974.0,
            "min": 9973.0,
            "max": 479974.0,
            "count": 48
        },
        "HunterController.Policy.ExtrinsicValueEstimate.mean": {
            "value": 1.4623171091079712,
            "min": -0.1431858390569687,
            "max": 1.487902045249939,
            "count": 48
        },
        "HunterController.Policy.ExtrinsicValueEstimate.sum": {
            "value": 269.06634521484375,
            "min": -25.200706481933594,
            "max": 284.1893005371094,
            "count": 48
        },
        "HunterController.Environment.EpisodeLength.mean": {
            "value": 176.47272727272727,
            "min": 173.0677966101695,
            "max": 406.4782608695652,
            "count": 48
        },
        "HunterController.Environment.EpisodeLength.sum": {
            "value": 9706.0,
            "min": 8036.0,
            "max": 11903.0,
            "count": 48
        },
        "HunterController.Environment.CumulativeReward.mean": {
            "value": 16.818181818181817,
            "min": -7.391304347826087,
            "max": 16.818181818181817,
            "count": 48
        },
        "HunterController.Environment.CumulativeReward.sum": {
            "value": 925.0,
            "min": -170.0,
            "max": 930.0,
            "count": 48
        },
        "HunterController.Policy.ExtrinsicReward.mean": {
            "value": 16.818181818181817,
            "min": -7.391304347826087,
            "max": 16.818181818181817,
            "count": 48
        },
        "HunterController.Policy.ExtrinsicReward.sum": {
            "value": 925.0,
            "min": -170.0,
            "max": 930.0,
            "count": 48
        },
        "HunterController.IsTraining.mean": {
            "value": 1.0,
            "min": 1.0,
            "max": 1.0,
            "count": 48
        },
        "HunterController.IsTraining.sum": {
            "value": 1.0,
            "min": 1.0,
            "max": 1.0,
            "count": 48
        },
        "AgentController.Policy.Entropy.mean": {
            "value": 1.3706011772155762,
            "min": 1.3706011772155762,
            "max": 1.4245352745056152,
            "count": 48
        },
        "AgentController.Policy.Entropy.sum": {
            "value": 13574.4345703125,
            "min": 13574.4345703125,
            "max": 15006.69140625,
            "count": 48
        },
        "AgentController.Step.mean": {
            "value": 479974.0,
            "min": 9973.0,
            "max": 479974.0,
            "count": 48
        },
        "AgentController.Step.sum": {
            "value": 479974.0,
            "min": 9973.0,
            "max": 479974.0,
            "count": 48
        },
        "AgentController.Policy.ExtrinsicValueEstimate.mean": {
            "value": 2.8047831058502197,
            "min": -0.30459123849868774,
            "max": 2.8047831058502197,
            "count": 48
        },
        "AgentController.Policy.ExtrinsicValueEstimate.sum": {
            "value": 516.080078125,
            "min": -52.99887466430664,
            "max": 516.080078125,
            "count": 48
        },
        "AgentController.Environment.EpisodeLength.mean": {
            "value": 176.47272727272727,
            "min": 173.0677966101695,
            "max": 406.4782608695652,
            "count": 48
        },
        "AgentController.Environment.EpisodeLength.sum": {
            "value": 9706.0,
            "min": 8036.0,
            "max": 11903.0,
            "count": 48
        },
        "AgentController.Environment.CumulativeReward.mean": {
            "value": 52.54545454545455,
            "min": -11.06060606060606,
            "max": 88.45833333333333,
            "count": 48
        },
        "AgentController.Environment.CumulativeReward.sum": {
            "value": 2890.0,
            "min": -365.0,
            "max": 3645.0,
            "count": 48
        },
        "AgentController.Policy.ExtrinsicReward.mean": {
            "value": 52.54545454545455,
            "min": -11.06060606060606,
            "max": 88.45833333333333,
            "count": 48
        },
        "AgentController.Policy.ExtrinsicReward.sum": {
            "value": 2890.0,
            "min": -365.0,
            "max": 3645.0,
            "count": 48
        },
        "AgentController.IsTraining.mean": {
            "value": 1.0,
            "min": 1.0,
            "max": 1.0,
            "count": 48
        },
        "AgentController.IsTraining.sum": {
            "value": 1.0,
            "min": 1.0,
            "max": 1.0,
            "count": 48
        },
        "HunterController.Losses.PolicyLoss.mean": {
            "value": 0.021799264169142893,
            "min": 0.017412459656285743,
            "max": 0.028473111610704413,
            "count": 46
        },
        "HunterController.Losses.PolicyLoss.sum": {
            "value": 0.021799264169142893,
            "min": 0.017412459656285743,
            "max": 0.028473111610704413,
            "count": 46
        },
        "HunterController.Losses.ValueLoss.mean": {
            "value": 2.4040467421213787,
            "min": 0.01052457201294601,
            "max": 2.640628782908122,
            "count": 46
        },
        "HunterController.Losses.ValueLoss.sum": {
            "value": 2.4040467421213787,
            "min": 0.01052457201294601,
            "max": 2.640628782908122,
            "count": 46
        },
        "HunterController.Policy.LearningRate.mean": {
            "value": 0.00022906187364604992,
            "min": 0.00022906187364604992,
            "max": 0.0002984590505136499,
            "count": 46
        },
        "HunterController.Policy.LearningRate.sum": {
            "value": 0.00022906187364604992,
            "min": 0.00022906187364604992,
            "max": 0.0002984590505136499,
            "count": 46
        },
        "HunterController.Policy.Epsilon.mean": {
            "value": 0.17635395000000006,
            "min": 0.17635395000000006,
            "max": 0.19948634999999998,
            "count": 46
        },
        "HunterController.Policy.Epsilon.sum": {
            "value": 0.17635395000000006,
            "min": 0.17635395000000006,
            "max": 0.19948634999999998,
            "count": 46
        },
        "HunterController.Policy.Beta.mean": {
            "value": 0.0038200621049999995,
            "min": 0.0038200621049999995,
            "max": 0.004974368864999999,
            "count": 46
        },
        "HunterController.Policy.Beta.sum": {
            "value": 0.0038200621049999995,
            "min": 0.0038200621049999995,
            "max": 0.004974368864999999,
            "count": 46
        },
        "AgentController.Losses.PolicyLoss.mean": {
            "value": 0.02325480532987664,
            "min": 0.016633891504413138,
            "max": 0.03377245212395792,
            "count": 46
        },
        "AgentController.Losses.PolicyLoss.sum": {
            "value": 0.02325480532987664,
            "min": 0.016633891504413138,
            "max": 0.03377245212395792,
            "count": 46
        },
        "AgentController.Losses.ValueLoss.mean": {
            "value": 9.925542195638021,
            "min": 2.6046967347462973,
            "max": 9.925542195638021,