{
    "name": "root",
    "metadata": {
        "timer_format_version": "0.1.0",
        "start_time_seconds": "1721434271",
        "python_version": "3.10.0 (tags/v3.10.0:b494f59, Oct  4 2021, 19:00:18) [MSC v.1929 64 bit (AMD64)]",
        "command_line_arguments": "D:\\Users\\areya\\Desktop\\MLsimulation\\SimML\\venv\\Scripts\\mlagents-learn config\\multitraining.yaml --run-id test6",
        "mlagents_version": "0.30.0",
        "mlagents_envs_version": "0.30.0",
        "communication_protocol_version": "1.5.0",
        "pytorch_version": "2.3.1+cpu",
        "numpy_version": "1.21.2",
        "end_time_seconds": "1721434297"
    },
    "total": 25.528406800003722,
    "count": 1,
    "self": 0.007093499967595562,
    "children": {
        "run_training.setup": {
            "total": 0.08198100002482533,
            "count": 1,
            "self": 0.08198100002482533
        },
        "TrainerController.start_learning": {
            "total": 25.4393323000113,
            "count": 1,
            "self": 0.0100995997490827,
            "children": {
                "TrainerController._reset_env": {
                    "total": 10.592628699989291,
                    "count": 1,
                    "self": 10.592628699989291
                },
                "TrainerController.advance": {
                    "total": 14.707950900279684,
                    "count": 580,
                    "self": 0.011521100328536704,
                    "children": {
                        "env_step": {
                            "total": 13.924471800593892,
                            "count": 580,
                            "self": 12.698554601054639,
                            "children": {
                                "SubprocessEnvManager._take_step": {
                                    "total": 1.2200218997022603,
                                    "count": 580,
                                    "self": 0.0513478000939358,
                                    "children": {
                                        "TorchPolicy.evaluate": {
                                            "total": 1.1686740996083245,
                                            "count": 1142,
                                            "self": 1.1686740996083245
                                        }
                                    }
                                },
                                "workers": {
                                    "total": 0.0058952998369932175,
                                    "count": 579,
                                    "self": 0.0,
                                    "children": {
                                        "worker_root": {
                                            "total": 11.591895700345049,
                                            "count": 579,
                                            "is_parallel": true,
                                            "self": 4.345039500389248,
                                            "children": {
                                                "steps_from_proto": {
                                                    "total": 0.0012830000196117908,
                                                    "count": 2,
                                                    "is_parallel": true,
                                                    "self": 0.0003497000434435904,
                                                    "children": {
                                                        "_process_rank_one_or_two_observation": {
                                                            "total": 0.0009332999761682004,
                                                            "count": 8,
                                                            "is_parallel": true,
                                                            "self": 0.0009332999761682004
                                                        }
                                                    }
                                                },
                                                "UnityEnvironment.step": {
                                                    "total": 7.245573199936189,
                                                    "count": 579,
                                                    "is_parallel": true,
                                                    "self": 0.16502240049885586,
                                                    "children": {
                                                        "UnityEnvironment._generate_step_input": {
                                                            "total": 0.19330919947242364,
                                                            "count": 579,
                                                            "is_parallel": true,
                                                            "self": 0.19330919947242364
                                                        },
                                                        "communicator.exchange": {
                                                            "total": 6.380076400469989,
                                                            "count": 579,
                                                            "is_parallel": true,
                                                            "self": 6.380076400469989
                                                        },
                                                        "steps_from_proto": {
                                                            "total": 0.5071651994949207,
                                                            "count": 1158,
                                                            "is_parallel": true,
                                                            "self": 0.15416319970972836,
                                                            "children": {
                                                                "_process_rank_one_or_two_observation": {
                                                                    "total": 0.3530019997851923,
                                                                    "count": 4632,
                                                                    "is_parallel": true,
                                                                    "self": 0.3530019997851923
                                                                }
                                                            }
                                                        }
                                                    }
                                                }
                                            }
                                        }
                                    }
                                }
                            }
                        },
                        "trainer_advance": {
                            "total": 0.7719579993572552,
                            "count": 1158,
                            "self": 0.020410899043781683,
                            "children": {
                                "process_trajectory": {
                                    "total": 0.7515471003134735,
                                    "count": 1158,
                                    "self": 0.7515471003134735
                                }
                            }
                        }
                    }
                },
                "trainer_threads": {
                    "total": 9.00006853044033e-07,
                    "count": 1,
                    "self": 9.00006853044033e-07
                },
                "TrainerController._save_models": {
                    "total": 0.12865219998639077,
                    "count": 1,
                    "self": 0.015555699996184558,