{"cameraMode":{"drawMode":0,"name":"Shaded","section":"Shading Mode"},"sceneLighting":true,"audioPlay":false,"sceneViewState":{"m_AlwaysRefresh":false,"showFog":true,"showSkybox":true,"showFlares":true,"showImageEffects":true,"showParticleSystems":true,"showVisualEffectGraphs":true,"m_FxEnabled":true},"in2DMode":false,"pivot":{"x":0.7203361988067627,"y":-12.209752082824707,"z":11.405149459838868},"rotation":{"x":0.41346603631973269,"y":-0.00008883544796844944,"z":-0.00038177543319761753,"w":0.9103907346725464},"size":12.12435531616211,"orthographic":false}