{"cameraMode":{"drawMode":0,"name":"Shaded","section":"Shading Mode"},"sceneLighting":true,"audioPlay":false,"sceneViewState":{"m_AlwaysRefresh":false,"showFog":true,"showSkybox":true,"showFlares":true,"showImageEffects":true,"showParticleSystems":true,"showVisualEffectGraphs":true,"m_FxEnabled":true},"in2DMode":false,"pivot":{"x":28.460208892822267,"y":13.477734565734864,"z":-10.535329818725586},"rotation":{"x":0.1090446412563324,"y":-0.18933682143688203,"z":0.021161312237381936,"w":0.9756031632423401},"size":0.09545153379440308,"orthographic":false}