{
    "name": "root",
    "gauges": {
        "AgentController.Policy.Entropy.mean": {
            "value": 1.2625058889389038,
            "min": 1.2625058889389038,
            "max": 1.4315202236175537,
            "count": 200
        },
        "AgentController.Policy.Entropy.sum": {
            "value": 12382.6572265625,
            "min": 12382.6572265625,
            "max": 15097.50390625,
            "count": 200
        },
        "AgentController.Environment.EpisodeLength.mean": {
            "value": 87.55357142857143,
            "min": 72.71111111111111,
            "max": 388.1818181818182,
            "count": 200
        },
        "AgentController.Environment.EpisodeLength.sum": {
            "value": 9806.0,
            "min": 7905.0,
            "max": 11366.0,
            "count": 200
        },
        "AgentController.Step.mean": {
            "value": 1999968.0,
            "min": 9986.0,
            "max": 1999968.0,
            "count": 200
        },
        "AgentController.Step.sum": {
            "value": 1999968.0,
            "min": 9986.0,
            "max": 1999968.0,
            "count": 200
        },
        "AgentController.Policy.ExtrinsicValueEstimate.mean": {
            "value": 5.3770833015441895,
            "min": -0.39729273319244385,
            "max": 5.791510581970215,
            "count": 200
        },
        "AgentController.Policy.ExtrinsicValueEstimate.sum": {
            "value": 1134.5645751953125,
            "min": -67.14247131347656,
            "max": 1239.38330078125,
            "count": 200
        },
        "AgentController.Environment.CumulativeReward.mean": {
            "value": 51.846846846846844,
            "min": -12.777777777777779,
            "max": 71.32352941176471,
            "count": 200
        },
        "AgentController.Environment.CumulativeReward.sum": {
            "value": 5755.0,
            "min": -460.0,
            "max": 6185.0,
            "count": 200
        },
        "AgentController.Policy.ExtrinsicReward.mean": {
            "value": 51.846846846846844,
            "min": -12.777777777777779,
            "max": 71.32352941176471,
            "count": 200
        },
        "AgentController.Policy.ExtrinsicReward.sum": {
            "value": 5755.0,
            "min": -460.0,
            "max": 6185.0,
            "count": 200
        },
        "AgentController.IsTraining.mean": {
            "value": 1.0,
            "min": 1.0,
            "max": 1.0,
            "count": 200
        },
        "AgentController.IsTraining.sum": {
            "value": 1.0,
            "min": 1.0,
            "max": 1.0,
            "count": 200
        },
        "HunterController.Policy.Entropy.mean": {
            "value": 1.3438184261322021,
            "min": 1.3438184261322021,
            "max": 1.4565976858139038,
            "count": 200
        },
        "HunterController.Policy.Entropy.sum": {
            "value": 13180.1708984375,
            "min": 13180.1708984375,
            "max": 15097.50390625,
            "count": 200
        },
        "HunterController.Environment.EpisodeLength.mean": {
            "value": 87.55357142857143,
            "min": 72.71111111111111,
            "max": 388.1818181818182,
            "count": 200
        },
        "HunterController.Environment.EpisodeLength.sum": {
            "value": 9806.0,
            "min": 7905.0,
            "max": 11366.0,
            "count": 200
        },
        "HunterController.Step.mean": {
            "value": 1999968.0,
            "min": 9986.0,
            "max": 1999968.0,
            "count": 200
        },
        "HunterController.Step.sum": {
            "value": 1999968.0,
            "min": 9986.0,
            "max": 1999968.0,
            "count": 200
        },
        "HunterController.Policy.ExtrinsicValueEstimate.mean": {
            "value": 3.2801716327667236,
            "min": -0.513916015625,
            "max": 4.0176496505737305,
            "count": 200
        },
        "HunterController.Policy.ExtrinsicValueEstimate.sum": {
            "value": 692.1162109375,
            "min": -86.337890625,
            "max": 867.8123168945312,
            "count": 200
        },
        "HunterController.Environment.CumulativeReward.mean": {
            "value": 19.144144144144143,
            "min": -6.2,
            "max": 22.26890756302521,
            "count": 200
        },
        "HunterController.Environment.CumulativeReward.sum": {
            "value": 2125.0,
            "min": -180.0,
            "max": 2800.0,
            "count": 200
        },
        "HunterController.Policy.ExtrinsicReward.mean": {
            "value": 19.144144144144143,
            "min": -6.2,
            "max": 22.26890756302521,
            "count": 200
        },
        "HunterController.Policy.ExtrinsicReward.sum": {
            "value": 2125.0,
            "min": -180.0,
            "max": 2800.0,
            "count": 200
        },
        "HunterController.IsTraining.mean": {
            "value": 1.0,
            "min": 1.0,
            "max": 1.0,
            "count": 200
        },
        "HunterController.IsTraining.sum": {
            "value": 1.0,
            "min": 1.0,
            "max": 1.0,
            "count": 200
        },
        "AgentController.Losses.PolicyLoss.mean": {
            "value": 0.0234045834823822,
            "min": 0.014679286806737461,
            "max": 0.03207379392891501,
            "count": 194
        },
        "AgentController.Losses.PolicyLoss.sum": {
            "value": 0.0234045834823822,
            "min": 0.014679286806737461,
            "max": 0.03207379392891501,
            "count": 194
        },
        "AgentController.Losses.ValueLoss.mean": {
            "value": 18.270611063639322,
            "min": 2.6436017751693726,
            "max": 21.088496971130372,
            "count": 194
        },
        "AgentController.Losses.ValueLoss.sum": {
            "value": 18.270611063639322,
            "min": 2.6436017751693726,
            "max": 21.088496971130372,
            "count": 194
        },
        "AgentController.Policy.LearningRate.mean": {
            "value": 1.0238496587500119e-06,
            "min": 1.0238496587500119e-06,
            "max": 0.0002984637005121,
            "count": 194
        },
        "AgentController.Policy.LearningRate.sum": {
            "value": 1.0238496587500119e-06,
            "min": 1.0238496587500119e-06,
            "max": 0.0002984637005121,
            "count": 194
        },
        "AgentController.Policy.Epsilon.mean": {
            "value": 0.10034125000000002,
            "min": 0.10034125000000002,
            "max": 0.19948790000000002,
            "count": 194
        },
        "AgentController.Policy.Epsilon.sum": {
            "value": 0.10034125000000002,
            "min": 0.10034125000000002,
            "max": 0.19948790000000002,
            "count": 194
        },
        "AgentController.Policy.Beta.mean": {
            "value": 2.7028375000000212e-05,
            "min": 2.7028375000000212e-05,
            "max": 0.0049744462100000005,
            "count": 194
        },
        "AgentController.Policy.Beta.sum": {
            "value": 2.7028375000000212e-05,
            "min": 2.7028375000000212e-05,
            "max": 0.0049744462100000005,
            "count": 194
        },
        "HunterController.Losses.PolicyLoss.mean": {
            "value": 0.016614768292250424,
            "min": 0.016478830799557424,
            "max": 0.032850585497605306,
            "count": 194
        },
        "HunterController.Losses.PolicyLoss.sum": {
            "value": 0.016614768292250424,
            "min": 0.016478830799557424,
            "max": 0.032850585497605306,
            "count": 194
        },
        "HunterController.Losses.ValueLoss.mean": {
            "value": 9.830758380889893,
            "min": 0.2364424788703521,