{
    "name": "root",
    "gauges": {
        "AgentController.Policy.Entropy.mean": {
            "value": 1.4015172719955444,
            "min": 1.4015172719955444,
            "max": 1.4185736179351807,
            "count": 9
        },
        "AgentController.Policy.Entropy.sum": {
            "value": 69841.8125,
            "min": 69841.8125,
            "max": 73611.203125,
            "count": 9
        },
        "AgentController.Environment.EpisodeLength.mean": {
            "value": 22.492488262910797,
            "min": 22.492488262910797,
            "max": 482.3956834532374,
            "count": 9
        },
        "AgentController.Environment.EpisodeLength.sum": {
            "value": 47909.0,
            "min": 17350.0,
            "max": 67053.0,
            "count": 9
        },
        "AgentController.Step.mean": {
            "value": 449971.0,
            "min": 49993.0,
            "max": 449971.0,
            "count": 9
        },
        "AgentController.Step.sum": {
            "value": 449971.0,
            "min": 49993.0,
            "max": 449971.0,
            "count": 9
        },
        "AgentController.Policy.ExtrinsicValueEstimate.mean": {
            "value": 1.738398551940918,
            "min": 0.013605919666588306,
            "max": 1.738398551940918,
            "count": 9
        },
        "AgentController.Policy.ExtrinsicValueEstimate.sum": {
            "value": 3756.67919921875,
            "min": 11.129642486572266,
            "max": 3756.67919921875,
            "count": 9
        },
        "AgentController.Environment.CumulativeReward.mean": {
            "value": 1.990145471609573,
            "min": -0.417910447761194,
            "max": 1.990145471609573,
            "count": 9
        },
        "AgentController.Environment.CumulativeReward.sum": {
            "value": 4241.0,
            "min": -28.0,
            "max": 4241.0,
            "count": 9
        },
        "AgentController.Policy.ExtrinsicReward.mean": {
            "value": 1.990145471609573,
            "min": -0.417910447761194,
            "max": 1.990145471609573,
            "count": 9
        },
        "AgentController.Policy.ExtrinsicReward.sum": {
            "value": 4241.0,
            "min": -28.0,
            "max": 4241.0,
            "count": 9
        },
        "AgentController.Losses.PolicyLoss.mean": {
            "value": 0.02329760589384629,
            "min": 0.021788792655441116,
            "max": 0.028984121979738122,
            "count": 9
        },
        "AgentController.Losses.PolicyLoss.sum": {
            "value": 0.11648802946923145,
            "min": 0.09843383468125302,
            "max": 0.13276987079686176,
            "count": 9
        },
        "AgentController.Losses.ValueLoss.mean": {
            "value": 0.020994530841708183,
            "min": 0.01709185195381217,
            "max": 0.08557931353648504,
            "count": 9
        },
        "AgentController.Losses.ValueLoss.sum": {
            "value": 0.10497265420854092,
            "min": 0.06836740781524868,
            "max": 0.42789656768242523,
            "count": 9
        },
        "AgentController.Policy.LearningRate.mean": {
            "value": 4.6245684584799996e-05,
            "min": 4.6245684584799996e-05,
            "max": 0.00028358715547095,
            "count": 9
        },
        "AgentController.Policy.LearningRate.sum": {
            "value": 0.00023122842292399998,
            "min": 0.00023122842292399998,
            "max": 0.001278834073722,
            "count": 9
        },
        "AgentController.Policy.Epsilon.mean": {
            "value": 0.11541520000000001,
            "min": 0.11541520000000001,
            "max": 0.19452905,
            "count": 9
        },
        "AgentController.Policy.Epsilon.sum": {
            "value": 0.577076,
            "min": 0.5396578000000001,
            "max": 0.926278,
            "count": 9
        },
        "AgentController.Policy.Beta.mean": {
            "value": 0.00077921848,
            "min": 0.00077921848,
            "max": 0.004726999595,
            "count": 9
        },
        "AgentController.Policy.Beta.sum": {
            "value": 0.0038960924,
            "min": 0.0038960924,
            "max": 0.021321272199999998,
            "count": 9
        },
        "AgentController.IsTraining.mean": {
            "value": 1.0,
            "min": 1.0,
            "max": 1.0,
            "count": 9
        },
        "AgentController.IsTraining.sum": {
            "value": 1.0,
            "min": 1.0,
            "max": 1.0,
            "count": 9
        }
    },
    "metadata": {
        "timer_format_version": "0.1.0",
        "start_time_seconds": "1721180811",
        "python_version": "3.10.0 (tags/v3.10.0:b494f59, Oct  4 2021, 19:00:18) [MSC v.1929 64 bit (AMD64)]",
        "command_line_arguments": "D:\\Users\\areya\\Desktop\\SimulationML\\SimML\\venv\\Scripts\\mlagents-learn --run-id =Eyetest1",
        "mlagents_version": "0.30.0",
        "mlagents_envs_version": "0.30.0",
        "communication_protocol_version": "1.5.0",
        "pytorch_version": "2.3.1+cpu",
        "numpy_version": "1.21.2",
        "end_time_seconds": "1721181150"
    },
    "total": 339.457724100037,
    "count": 1,
    "self": 0.005539700039662421,
    "children": {
        "run_training.setup": {
            "total": 0.02587360003963113,
            "count": 1,
            "self": 0.02587360003963113
        },
        "TrainerController.start_learning": {
            "total": 339.4263107999577,
            "count": 1,
            "self": 0.30798469873843715,
            "children": {
                "TrainerController._reset_env": {
                    "total": 7.028222699998878,
                    "count": 1,
                    "self": 7.028222699998878
                },
                "TrainerController.advance": {
                    "total": 331.97639380116016,
                    "count": 15515,
                    "self": 0.27694810670800507,
                    "children": {
                        "env_step": {
                            "total": 220.21910889819264,
                            "count": 15515,
                            "self": 207.66328299808083,
                            "children": {
                                "SubprocessEnvManager._take_step": {
                                    "total": 12.380389002384618,
                                    "count": 15515,
                                    "self": 0.6742592056980357,
                                    "children": {
                                        "TorchPolicy.evaluate": {
                                            "total": 11.706129796686582,
                                            "count": 9475,
                                            "self": 11.706129796686582
                                        }
                                    }
                                },
                                "workers": {
                                    "total": 0.17543689772719517,
                                    "count": 15514,
                                    "self": 0.0,
                                    "children": {
                                        "worker_root": {
                                            "total": 333.26903130376013,
                                            "count": 15514,
                                            "is_parallel": true,
                                            "self": 148.5292819016613,
                                            "children": {
                                                "steps_from_proto": {
                                                    "total": 0.0010195999639108777,
                                                    "count": 1,
                                                    "is_parallel": true,