{
    "name": "root",
    "gauges": {
        "HunterController.Policy.Entropy.mean": {
            "value": 1.4480006694793701,
            "min": 1.4189382791519165,
            "max": 1.448991060256958,
            "count": 32
        },
        "HunterController.Policy.Entropy.sum": {
            "value": 14665.3505859375,
            "min": 14222.3759765625,
            "max": 14688.849609375,
            "count": 32
        },
        "HunterController.Environment.EpisodeLength.mean": {
            "value": 228.97619047619048,
            "min": 228.97619047619048,
            "max": 1189.5555555555557,
            "count": 32
        },
        "HunterController.Environment.EpisodeLength.sum": {
            "value": 9617.0,
            "min": 2954.0,
            "max": 12819.0,
            "count": 32
        },
        "HunterController.Step.mean": {
            "value": 319970.0,
            "min": 9942.0,
            "max": 319970.0,
            "count": 32
        },
        "HunterController.Step.sum": {
            "value": 319970.0,
            "min": 9942.0,
            "max": 319970.0,
            "count": 32
        },
        "HunterController.Policy.ExtrinsicValueEstimate.mean": {
            "value": 0.39416664838790894,
            "min": -0.11603308469057083,
            "max": 0.5494677424430847,
            "count": 32
        },
        "HunterController.Policy.ExtrinsicValueEstimate.sum": {
            "value": 70.94999694824219,
            "min": -18.449260711669922,
            "max": 89.56324005126953,
            "count": 32
        },
        "HunterController.Environment.CumulativeReward.mean": {
            "value": 4.404761904761905,
            "min": -15.0,
            "max": 4.883720930232558,
            "count": 32
        },
        "HunterController.Environment.CumulativeReward.sum": {
            "value": 185.0,
            "min": -200.0,
            "max": 210.0,
            "count": 32
        },
        "HunterController.Policy.ExtrinsicReward.mean": {
            "value": 4.404761904761905,
            "min": -15.0,
            "max": 4.883720930232558,
            "count": 32
        },
        "HunterController.Policy.ExtrinsicReward.sum": {
            "value": 185.0,
            "min": -200.0,
            "max": 210.0,
            "count": 32
        },
        "HunterController.IsTraining.mean": {
            "value": 1.0,
            "min": 1.0,
            "max": 1.0,
            "count": 32
        },
        "HunterController.IsTraining.sum": {
            "value": 1.0,
            "min": 1.0,
            "max": 1.0,
            "count": 32
        },
        "AgentController.Policy.Entropy.mean": {
            "value": 1.4427859783172607,
            "min": 1.4189382791519165,
            "max": 1.4516263008117676,
            "count": 32
        },
        "AgentController.Policy.Entropy.sum": {
            "value": 14612.5361328125,
            "min": 14204.8701171875,
            "max": 14766.9892578125,
            "count": 32
        },
        "AgentController.Environment.EpisodeLength.mean": {
            "value": 228.97619047619048,
            "min": 228.97619047619048,
            "max": 1189.5555555555557,
            "count": 32
        },
        "AgentController.Environment.EpisodeLength.sum": {
            "value": 9617.0,
            "min": 2954.0,
            "max": 12819.0,
            "count": 32
        },
        "AgentController.Step.mean": {
            "value": 319970.0,
            "min": 9942.0,
            "max": 319970.0,
            "count": 32
        },
        "AgentController.Step.sum": {
            "value": 319970.0,
            "min": 9942.0,
            "max": 319970.0,
            "count": 32
        },
        "AgentController.Policy.ExtrinsicValueEstimate.mean": {
            "value": 0.5608201026916504,
            "min": -0.19018705189228058,
            "max": 0.5608201026916504,
            "count": 32
        },
        "AgentController.Policy.ExtrinsicValueEstimate.sum": {
            "value": 100.94761657714844,
            "min": -31.00048828125,
            "max": 100.94761657714844,
            "count": 32
        },
        "AgentController.Environment.CumulativeReward.mean": {
            "value": 8.904761904761905,
            "min": -13.833333333333334,
            "max": 13.88888888888889,
            "count": 32
        },
        "AgentController.Environment.CumulativeReward.sum": {
            "value": 374.0,
            "min": -166.0,
            "max": 374.0,
            "count": 32
        },
        "AgentController.Policy.ExtrinsicReward.mean": {
            "value": 8.904761904761905,
            "min": -13.833333333333334,
            "max": 13.88888888888889,
            "count": 32
        },
        "AgentController.Policy.ExtrinsicReward.sum": {
            "value": 374.0,
            "min": -166.0,
            "max": 374.0,
            "count": 32
        },
        "AgentController.IsTraining.mean": {
            "value": 1.0,
            "min": 1.0,
            "max": 1.0,
            "count": 32
        },
        "AgentController.IsTraining.sum": {
            "value": 1.0,
            "min": 1.0,
            "max": 1.0,
            "count": 32
        },
        "HunterController.Losses.PolicyLoss.mean": {
            "value": 0.024070772738195956,
            "min": 0.018038113481209924,
            "max": 0.027905202253411213,
            "count": 31
        },
        "HunterController.Losses.PolicyLoss.sum": {
            "value": 0.024070772738195956,
            "min": 0.018038113481209924,
            "max": 0.027905202253411213,
            "count": 31
        },
        "HunterController.Losses.ValueLoss.mean": {
            "value": 0.6111464530229569,
            "min": 0.12329901494085789,
            "max": 1.179204233487447,
            "count": 31
        },
        "HunterController.Losses.ValueLoss.sum": {
            "value": 0.6111464530229569,
            "min": 0.12329901494085789,
            "max": 1.179204233487447,
            "count": 31
        },
        "HunterController.Policy.LearningRate.mean": {
            "value": 0.00025221061592980006,
            "min": 0.00025221061592980006,
            "max": 0.0002984607005130999,
            "count": 31
        },
        "HunterController.Policy.LearningRate.sum": {
            "value": 0.00025221061592980006,
            "min": 0.00025221061592980006,
            "max": 0.0002984607005130999,
            "count": 31
        },
        "HunterController.Policy.Epsilon.mean": {
            "value": 0.18407019999999996,
            "min": 0.18407019999999996,
            "max": 0.19948690000000005,
            "count": 31
        },
        "HunterController.Policy.Epsilon.sum": {
            "value": 0.18407019999999996,
            "min": 0.18407019999999996,
            "max": 0.19948690000000005,
            "count": 31
        },
        "HunterController.Policy.Beta.mean": {
            "value": 0.00420510298,
            "min": 0.00420510298,
            "max": 0.0049743963099999995,
            "count": 31
        },
        "HunterController.Policy.Beta.sum": {
            "value": 0.00420510298,
            "min": 0.00420510298,
            "max": 0.0049743963099999995,
            "count": 31
        },
        "AgentController.Losses.PolicyLoss.mean": {
            "value": 0.02638768052274827,
            "min": 0.01773311395809287,
            "max": 0.031018993750330993,
            "count": 31
        },
        "AgentController.Losses.PolicyLoss.sum": {
            "value": 0.02638768052274827,
            "min": 0.01773311395809287,
            "max": 0.031018993750330993,
            "count": 31
        },
        "AgentController.Losses.ValueLoss.mean": {
            "value": 2.433400003115336,
            "min": 0.28348796342809995,
            "max": 2.433400003115336,
            "count": 31
        },