{
    "name": "root",
    "gauges": {
        "AgentController.Policy.Entropy.mean": {
            "value": 1.3106766939163208,
            "min": 1.3106766939163208,
            "max": 1.4362190961837769,
            "count": 100
        },
        "AgentController.Policy.Entropy.sum": {
            "value": 12980.94140625,
            "min": 12845.09765625,
            "max": 15097.50390625,
            "count": 100
        },
        "AgentController.Step.mean": {
            "value": 999996.0,
            "min": 9940.0,
            "max": 999996.0,
            "count": 100
        },
        "AgentController.Step.sum": {
            "value": 999996.0,
            "min": 9940.0,
            "max": 999996.0,
            "count": 100
        },
        "AgentController.Policy.ExtrinsicValueEstimate.mean": {
            "value": 5.191859722137451,
            "min": -0.35422173142433167,
            "max": 5.4522881507873535,
            "count": 100
        },
        "AgentController.Policy.ExtrinsicValueEstimate.sum": {
            "value": 1059.139404296875,
            "min": -59.86347198486328,
            "max": 1090.4576416015625,
            "count": 100
        },
        "AgentController.Environment.EpisodeLength.mean": {
            "value": 118.0,
            "min": 113.55813953488372,
            "max": 392.72727272727275,
            "count": 100
        },
        "AgentController.Environment.EpisodeLength.sum": {
            "value": 10384.0,
            "min": 8306.0,
            "max": 11481.0,
            "count": 100
        },
        "AgentController.Environment.CumulativeReward.mean": {
            "value": 63.85057471264368,
            "min": -10.428571428571429,
            "max": 77.0,
            "count": 100
        },
        "AgentController.Environment.CumulativeReward.sum": {
            "value": 5555.0,
            "min": -365.0,
            "max": 5555.0,
            "count": 100
        },
        "AgentController.Policy.ExtrinsicReward.mean": {
            "value": 63.85057471264368,
            "min": -10.428571428571429,
            "max": 77.0,
            "count": 100
        },
        "AgentController.Policy.ExtrinsicReward.sum": {
            "value": 5555.0,
            "min": -365.0,
            "max": 5555.0,
            "count": 100
        },
        "AgentController.IsTraining.mean": {
            "value": 1.0,
            "min": 1.0,
            "max": 1.0,
            "count": 100
        },
        "AgentController.IsTraining.sum": {
            "value": 1.0,
            "min": 1.0,
            "max": 1.0,
            "count": 100
        },
        "HunterController.Policy.Entropy.mean": {
            "value": 1.4065589904785156,
            "min": 1.4065589904785156,
            "max": 1.4485955238342285,
            "count": 100
        },
        "HunterController.Policy.Entropy.sum": {
            "value": 13930.560546875,
            "min": 13802.8125,
            "max": 15097.50390625,
            "count": 100
        },
        "HunterController.Step.mean": {
            "value": 999996.0,
            "min": 9940.0,
            "max": 999996.0,
            "count": 100
        },
        "HunterController.Step.sum": {
            "value": 999996.0,
            "min": 9940.0,
            "max": 999996.0,
            "count": 100
        },
        "HunterController.Policy.ExtrinsicValueEstimate.mean": {
            "value": 1.783604383468628,
            "min": -0.11811532080173492,
            "max": 2.4632835388183594,
            "count": 100
        },
        "HunterController.Policy.ExtrinsicValueEstimate.sum": {
            "value": 363.85528564453125,
            "min": -20.19771957397461,
            "max": 480.3403015136719,
            "count": 100
        },
        "HunterController.Environment.EpisodeLength.mean": {
            "value": 118.0,
            "min": 113.55813953488372,
            "max": 392.72727272727275,
            "count": 100
        },
        "HunterController.Environment.EpisodeLength.sum": {
            "value": 10384.0,
            "min": 8306.0,
            "max": 11481.0,
            "count": 100
        },
        "HunterController.Environment.CumulativeReward.mean": {
            "value": 16.091954022988507,
            "min": -8.181818181818182,
            "max": 18.50574712643678,
            "count": 100
        },
        "HunterController.Environment.CumulativeReward.sum": {
            "value": 1400.0,
            "min": -200.0,
            "max": 1610.0,
            "count": 100
        },
        "HunterController.Policy.ExtrinsicReward.mean": {
            "value": 16.091954022988507,
            "min": -8.181818181818182,
            "max": 18.50574712643678,
            "count": 100
        },
        "HunterController.Policy.ExtrinsicReward.sum": {
            "value": 1400.0,
            "min": -200.0,
            "max": 1610.0,
            "count": 100
        },
        "HunterController.IsTraining.mean": {
            "value": 1.0,
            "min": 1.0,
            "max": 1.0,
            "count": 100
        },
        "HunterController.IsTraining.sum": {
            "value": 1.0,
            "min": 1.0,
            "max": 1.0,
            "count": 100
        },
        "AgentController.Losses.PolicyLoss.mean": {
            "value": 0.026302417313369613,
            "min": 0.01767223298472042,
            "max": 0.03178665546389917,
            "count": 97
        },
        "AgentController.Losses.PolicyLoss.sum": {
            "value": 0.026302417313369613,
            "min": 0.01767223298472042,
            "max": 0.03178665546389917,
            "count": 97
        },
        "AgentController.Losses.ValueLoss.mean": {
            "value": 13.25034163792928,
            "min": 2.2285468300183613,
            "max": 13.25034163792928,
            "count": 97
        },
        "AgentController.Losses.ValueLoss.sum": {
            "value": 13.25034163792928,
            "min": 2.2285468300183613,
            "max": 13.25034163792928,
            "count": 97
        },
        "AgentController.Policy.LearningRate.mean": {
            "value": 0.00015042379985875001,
            "min": 0.00015042379985875001,
            "max": 0.00029846100051299994,
            "count": 97
        },
        "AgentController.Policy.LearningRate.sum": {
            "value": 0.00015042379985875001,
            "min": 0.00015042379985875001,
            "max": 0.00029846100051299994,
            "count": 97
        },
        "AgentController.Policy.Epsilon.mean": {
            "value": 0.15014124999999998,
            "min": 0.15014124999999998,
            "max": 0.1994870000000001,
            "count": 97
        },
        "AgentController.Policy.Epsilon.sum": {
            "value": 0.15014124999999998,
            "min": 0.15014124999999998,
            "max": 0.1994870000000001,
            "count": 97
        },
        "AgentController.Policy.Beta.mean": {
            "value": 0.0025120483750000013,
            "min": 0.0025120483750000013,
            "max": 0.0049744012999999995,
            "count": 97
        },
        "AgentController.Policy.Beta.sum": {
            "value": 0.0025120483750000013,
            "min": 0.0025120483750000013,
            "max": 0.0049744012999999995,
            "count": 97
        },
        "HunterController.Losses.PolicyLoss.mean": {
            "value": 0.024051769425083573,
            "min": 0.014029718844297653,
            "max": 0.031261128385085615,
            "count": 97
        },
        "HunterController.Losses.PolicyLoss.sum": {
            "value": 0.024051769425083573,
            "min": 0.014029718844297653,
            "max": 0.031261128385085615,
            "count": 97
        },
        "HunterController.Losses.ValueLoss.mean": {
            "value": 5.603748083114624,
            "min": 0.19506274809439977,
            "max": 7.5090628941853845,