{"cameraMode":{"drawMode":0,"name":"Shaded","section":"Shading Mode"},"sceneLighting":false,"audioPlay":false,"sceneViewState":{"m_AlwaysRefresh":false,"showFog":true,"showSkybox":false,"showFlares":true,"showImageEffects":true,"showParticleSystems":true,"showVisualEffectGraphs":true,"m_FxEnabled":true},"in2DMode":false,"pivot":{"x":0.08219528198242188,"y":3.105010986328125,"z":-0.1800079345703125},"rotation":{"x":0.25642162561416628,"y":-0.27220577001571658,"z":0.07437165081501007,"w":0.9242993593215942},"size":551.0186157226563,"orthographic":false}