{
    "name": "root",
    "gauges": {
        "AgentController.Policy.Entropy.mean": {
            "value": 1.4218684434890747,
            "min": 1.4189382791519165,
            "max": 1.4293142557144165,
            "count": 17
        },
        "AgentController.Policy.Entropy.sum": {
            "value": 13995.451171875,
            "min": 13995.451171875,
            "max": 14955.609375,
            "count": 17
        },
        "AgentController.Environment.EpisodeLength.mean": {
            "value": 421.65384615384613,
            "min": 265.6666666666667,
            "max": 882.9285714285714,
            "count": 17
        },
        "AgentController.Environment.EpisodeLength.sum": {
            "value": 10963.0,
            "min": 4782.0,
            "max": 13425.0,
            "count": 17
        },
        "AgentController.Step.mean": {
            "value": 169939.0,
            "min": 9984.0,
            "max": 169939.0,
            "count": 17
        },
        "AgentController.Step.sum": {
            "value": 169939.0,
            "min": 9984.0,
            "max": 169939.0,
            "count": 17
        },
        "AgentController.Policy.ExtrinsicValueEstimate.mean": {
            "value": 0.8056091666221619,
            "min": -0.014093810692429543,
            "max": 0.8056091666221619,
            "count": 17
        },
        "AgentController.Policy.ExtrinsicValueEstimate.sum": {
            "value": 136.14794921875,
            "min": -2.255009651184082,
            "max": 136.14794921875,
            "count": 17
        },
        "AgentController.Environment.CumulativeReward.mean": {
            "value": 24.53846153846154,
            "min": -5.3076923076923075,
            "max": 26.4,
            "count": 17
        },
        "AgentController.Environment.CumulativeReward.sum": {
            "value": 638.0,
            "min": -88.0,
            "max": 638.0,
            "count": 17
        },
        "AgentController.Policy.ExtrinsicReward.mean": {
            "value": 24.53846153846154,
            "min": -5.3076923076923075,
            "max": 26.4,
            "count": 17
        },
        "AgentController.Policy.ExtrinsicReward.sum": {
            "value": 638.0,
            "min": -88.0,
            "max": 638.0,
            "count": 17
        },
        "AgentController.IsTraining.mean": {
            "value": 1.0,
            "min": 1.0,
            "max": 1.0,
            "count": 17
        },
        "AgentController.IsTraining.sum": {
            "value": 1.0,
            "min": 1.0,
            "max": 1.0,
            "count": 17
        },
        "HunterController.Policy.Entropy.mean": {
            "value": 1.4500386714935303,
            "min": 1.4189382791519165,
            "max": 1.4500386714935303,
            "count": 17
        },
        "HunterController.Policy.Entropy.sum": {
            "value": 14272.73046875,
            "min": 14050.2265625,
            "max": 14955.609375,
            "count": 17
        },
        "HunterController.Environment.EpisodeLength.mean": {
            "value": 421.65384615384613,
            "min": 265.6666666666667,
            "max": 882.9285714285714,
            "count": 17
        },
        "HunterController.Environment.EpisodeLength.sum": {
            "value": 10963.0,
            "min": 4782.0,
            "max": 13425.0,
            "count": 17
        },
        "HunterController.Step.mean": {
            "value": 169939.0,
            "min": 9984.0,
            "max": 169939.0,
            "count": 17
        },
        "HunterController.Step.sum": {
            "value": 169939.0,
            "min": 9984.0,
            "max": 169939.0,
            "count": 17
        },
        "HunterController.Policy.ExtrinsicValueEstimate.mean": {
            "value": -0.053118735551834106,
            "min": -0.5560676455497742,
            "max": -0.016345905140042305,
            "count": 17
        },
        "HunterController.Policy.ExtrinsicValueEstimate.sum": {
            "value": -8.977066040039062,
            "min": -92.86329650878906,
            "max": -2.7297661304473877,
            "count": 17
        },
        "HunterController.Environment.CumulativeReward.mean": {
            "value": -3.8461538461538463,
            "min": -9.444444444444445,
            "max": -1.75,
            "count": 17
        },
        "HunterController.Environment.CumulativeReward.sum": {
            "value": -100.0,
            "min": -140.0,
            "max": -25.0,
            "count": 17
        },
        "HunterController.Policy.ExtrinsicReward.mean": {
            "value": -3.8461538461538463,
            "min": -9.444444444444445,
            "max": -1.75,
            "count": 17
        },
        "HunterController.Policy.ExtrinsicReward.sum": {
            "value": -100.0,
            "min": -140.0,
            "max": -25.0,
            "count": 17
        },
        "HunterController.IsTraining.mean": {
            "value": 1.0,
            "min": 1.0,
            "max": 1.0,
            "count": 17
        },
        "HunterController.IsTraining.sum": {
            "value": 1.0,
            "min": 1.0,
            "max": 1.0,
            "count": 17
        },
        "AgentController.Losses.PolicyLoss.mean": {
            "value": 0.018612134126063513,
            "min": 0.018612134126063513,
            "max": 0.031045340971710782,
            "count": 16
        },
        "AgentController.Losses.PolicyLoss.sum": {
            "value": 0.018612134126063513,
            "min": 0.018612134126063513,
            "max": 0.031045340971710782,
            "count": 16
        },
        "AgentController.Losses.ValueLoss.mean": {
            "value": 1.295141593615214,
            "min": 0.7235492497682572,
            "max": 1.4234364827473958,
            "count": 16
        },
        "AgentController.Losses.ValueLoss.sum": {
            "value": 1.295141593615214,
            "min": 0.7235492497682572,
            "max": 1.4234364827473958,
            "count": 16
        },
        "AgentController.Policy.LearningRate.mean": {
            "value": 0.0002753179582273499,
            "min": 0.0002753179582273499,
            "max": 0.00029843520052160003,
            "count": 16
        },
        "AgentController.Policy.LearningRate.sum": {
            "value": 0.0002753179582273499,
            "min": 0.0002753179582273499,
            "max": 0.00029843520052160003,
            "count": 16
        },
        "AgentController.Policy.Epsilon.mean": {
            "value": 0.19177265,
            "min": 0.19177265,
            "max": 0.19947840000000003,
            "count": 16
        },
        "AgentController.Policy.Epsilon.sum": {
            "value": 0.19177265,
            "min": 0.19177265,
            "max": 0.19947840000000003,
            "count": 16
        },
        "AgentController.Policy.Beta.mean": {
            "value": 0.0045894552350000005,
            "min": 0.0045894552350000005,
            "max": 0.004973972160000002,
            "count": 16
        },
        "AgentController.Policy.Beta.sum": {
            "value": 0.0045894552350000005,
            "min": 0.0045894552350000005,
            "max": 0.004973972160000002,
            "count": 16
        },
        "HunterController.Losses.PolicyLoss.mean": {
            "value": 0.025766439126649252,
            "min": 0.018543418436699235,
            "max": 0.029319274600129574,
            "count": 16
        },
        "HunterController.Losses.PolicyLoss.sum": {
            "value": 0.025766439126649252,
            "min": 0.018543418436699235,
            "max": 0.029319274600129574,
            "count": 16
        },
        "HunterController.Losses.ValueLoss.mean": {
            "value": 0.47519660691420235,
            "min": 0.2829720411449671,
            "max": 0.8661371399958928,
            "count": 16
        },