{"cameraMode":{"drawMode":0,"name":"Shaded","section":"Shading Mode"},"sceneLighting":false,"audioPlay":false,"sceneViewState":{"m_AlwaysRefresh":false,"showFog":true,"showSkybox":false,"showFlares":true,"showImageEffects":true,"showParticleSystems":true,"showVisualEffectGraphs":true,"m_FxEnabled":true},"in2DMode":false,"pivot":{"x":7.806562900543213,"y":-4.9063191413879398,"z":-13.798789024353028},"rotation":{"x":0.03931557014584541,"y":0.9577708840370178,"z":-0.16281545162200929,"w":0.23313555121421815},"size":9.348618507385254,"orthographic":false}