{"cameraMode":{"drawMode":0,"name":"Shaded","section":"Shading Mode"},"sceneLighting":false,"audioPlay":false,"sceneViewState":{"m_AlwaysRefresh":false,"showFog":true,"showSkybox":false,"showFlares":true,"showImageEffects":true,"showParticleSystems":true,"showVisualEffectGraphs":true,"m_FxEnabled":true},"in2DMode":false,"pivot":{"x":0.938683032989502,"y":0.7137690186500549,"z":-1.4223591089248658},"rotation":{"x":0.10902673006057739,"y":-0.36227062344551089,"z":0.042523790150880817,"w":0.9245508909225464},"size":0.8660253882408142,"orthographic":false}