{
    "name": "root",
    "gauges": {
        "AgentController.Policy.Entropy.mean": {
            "value": 1.4182826280593872,
            "min": 1.4160535335540771,
            "max": 1.4201734066009521,
            "count": 4
        },
        "AgentController.Policy.Entropy.sum": {
            "value": 70885.765625,
            "min": 70606.8984375,
            "max": 72928.7421875,
            "count": 4
        },
        "AgentController.Environment.EpisodeLength.mean": {
            "value": 63.833333333333336,
            "min": 63.833333333333336,
            "max": 269.1019417475728,
            "count": 4
        },
        "AgentController.Environment.EpisodeLength.sum": {
            "value": 52471.0,
            "min": 33882.0,
            "max": 55435.0,
            "count": 4
        },
        "AgentController.Step.mean": {
            "value": 199999.0,
            "min": 49947.0,
            "max": 199999.0,
            "count": 4
        },
        "AgentController.Step.sum": {
            "value": 199999.0,
            "min": 49947.0,
            "max": 199999.0,
            "count": 4
        },
        "AgentController.Policy.ExtrinsicValueEstimate.mean": {
            "value": 2.961562156677246,
            "min": -0.02543064020574093,
            "max": 2.961562156677246,
            "count": 4
        },
        "AgentController.Policy.ExtrinsicValueEstimate.sum": {
            "value": 3648.64453125,
            "min": -21.565183639526367,
            "max": 3648.64453125,
            "count": 4
        },
        "AgentController.Environment.CumulativeReward.mean": {
            "value": 4.912302070645554,
            "min": 1.6046511627906976,
            "max": 4.956416464891041,
            "count": 4
        },
        "AgentController.Environment.CumulativeReward.sum": {
            "value": 4033.0,
            "min": 207.0,
            "max": 4033.0,
            "count": 4
        },
        "AgentController.Policy.ExtrinsicReward.mean": {
            "value": 4.912302070645554,
            "min": 1.6046511627906976,
            "max": 4.956416464891041,
            "count": 4
        },
        "AgentController.Policy.ExtrinsicReward.sum": {
            "value": 4033.0,
            "min": 207.0,
            "max": 4033.0,
            "count": 4
        },
        "AgentController.Losses.PolicyLoss.mean": {
            "value": 0.025002925299195344,
            "min": 0.021215244174450303,
            "max": 0.02878760745545151,
            "count": 4
        },
        "AgentController.Losses.PolicyLoss.sum": {
            "value": 0.12501462649597672,
            "min": 0.08486097669780121,
            "max": 0.14393803727725754,
            "count": 4
        },
        "AgentController.Losses.ValueLoss.mean": {
            "value": 0.4737128074963888,
            "min": 0.13403308851023515,
            "max": 0.4737128074963888,
            "count": 4
        },
        "AgentController.Losses.ValueLoss.sum": {
            "value": 2.368564037481944,
            "min": 0.5361323540409406,
            "max": 2.368564037481944,
            "count": 4
        },
        "AgentController.Policy.LearningRate.mean": {
            "value": 0.0001940808353064,
            "min": 0.0001940808353064,
            "max": 0.00028354785548404996,
            "count": 4
        },
        "AgentController.Policy.LearningRate.sum": {
            "value": 0.000970404176532,
            "min": 0.000970404176532,
            "max": 0.0012788112737295999,
            "count": 4
        },
        "AgentController.Policy.Epsilon.mean": {
            "value": 0.1646936,
            "min": 0.1646936,
            "max": 0.19451595,
            "count": 4
        },
        "AgentController.Policy.Epsilon.sum": {
            "value": 0.823468,
            "min": 0.7780638,
            "max": 0.9262704,
            "count": 4
        },
        "AgentController.Policy.Beta.mean": {
            "value": 0.0032382106400000005,
            "min": 0.0032382106400000005,
            "max": 0.004726345905,
            "count": 4
        },
        "AgentController.Policy.Beta.sum": {
            "value": 0.016191053200000003,
            "min": 0.016191053200000003,
            "max": 0.021320892959999997,
            "count": 4
        },
        "AgentController.IsTraining.mean": {
            "value": 1.0,
            "min": 1.0,
            "max": 1.0,
            "count": 4
        },
        "AgentController.IsTraining.sum": {
            "value": 1.0,
            "min": 1.0,
            "max": 1.0,
            "count": 4
        }
    },
    "metadata": {
        "timer_format_version": "0.1.0",
        "start_time_seconds": "1721181375",
        "python_version": "3.10.0 (tags/v3.10.0:b494f59, Oct  4 2021, 19:00:18) [MSC v.1929 64 bit (AMD64)]",
        "command_line_arguments": "D:\\Users\\areya\\Desktop\\SimulationML\\SimML\\venv\\Scripts\\mlagents-learn --run-id =Eyetest3",
        "mlagents_version": "0.30.0",
        "mlagents_envs_version": "0.30.0",
        "communication_protocol_version": "1.5.0",
        "pytorch_version": "2.3.1+cpu",
        "numpy_version": "1.21.2",
        "end_time_seconds": "1721181493"
    },
    "total": 118.34819269995205,
    "count": 1,
    "self": 0.00533529999665916,
    "children": {
        "run_training.setup": {
            "total": 0.024965999997220933,
            "count": 1,
            "self": 0.024965999997220933
        },
        "TrainerController.start_learning": {
            "total": 118.31789139995817,
            "count": 1,
            "self": 0.1033749005291611,
            "children": {
                "TrainerController._reset_env": {
                    "total": 8.236456100014038,
                    "count": 1,
                    "self": 8.236456100014038
                },
                "TrainerController.advance": {
                    "total": 109.87898239941569,
                    "count": 5409,
                    "self": 0.09560260165017098,
                    "children": {
                        "env_step": {
                            "total": 62.2467706980533,
                            "count": 5409,
                            "self": 56.71198520285543,
                            "children": {
                                "SubprocessEnvManager._take_step": {
                                    "total": 5.474860899033956,
                                    "count": 5409,
                                    "self": 0.26529920363100246,
                                    "children": {
                                        "TorchPolicy.evaluate": {
                                            "total": 5.209561695402954,
                                            "count": 4257,
                                            "self": 5.209561695402954
                                        }
                                    }
                                },
                                "workers": {
                                    "total": 0.05992459616390988,
                                    "count": 5409,
                                    "self": 0.0,
                                    "children": {
                                        "worker_root": {
                                            "total": 110.00694680016022,
                                            "count": 5409,
                                            "is_parallel": true,
                                            "self": 62.31880789913703,
                                            "children": {
                                                "steps_from_proto": {
                                                    "total": 0.001123800000641495,
                                                    "count": 1,
                                                    "is_parallel": true,