{
    "name": "root",
    "gauges": {
        "AgentController.Policy.Entropy.mean": {
            "value": 1.3975512981414795,
            "min": 1.3975512981414795,
            "max": 1.4238039255142212,
            "count": 33
        },
        "AgentController.Policy.Entropy.sum": {
            "value": 13841.34765625,
            "min": 13830.5849609375,
            "max": 15097.50390625,
            "count": 33
        },
        "AgentController.Step.mean": {
            "value": 329945.0,
            "min": 9954.0,
            "max": 329945.0,
            "count": 33
        },
        "AgentController.Step.sum": {
            "value": 329945.0,
            "min": 9954.0,
            "max": 329945.0,
            "count": 33
        },
        "AgentController.Policy.ExtrinsicValueEstimate.mean": {
            "value": 0.7677447199821472,
            "min": -0.5565478801727295,
            "max": 0.7677447199821472,
            "count": 33
        },
        "AgentController.Policy.ExtrinsicValueEstimate.sum": {
            "value": 123.60689544677734,
            "min": -92.94349670410156,
            "max": 123.60689544677734,
            "count": 33
        },
        "AgentController.Environment.EpisodeLength.mean": {
            "value": 678.8461538461538,
            "min": 273.11764705882354,
            "max": 678.8461538461538,
            "count": 33
        },
        "AgentController.Environment.EpisodeLength.sum": {
            "value": 8825.0,
            "min": 8451.0,
            "max": 11697.0,
            "count": 33
        },
        "AgentController.Environment.CumulativeReward.mean": {
            "value": 70.96153846153847,
            "min": -14.137931034482758,
            "max": 70.96153846153847,
            "count": 33
        },
        "AgentController.Environment.CumulativeReward.sum": {
            "value": 922.5,
            "min": -457.5,
            "max": 1005.0,
            "count": 33
        },
        "AgentController.Policy.ExtrinsicReward.mean": {
            "value": 70.96153846153847,
            "min": -14.137931034482758,
            "max": 70.96153846153847,
            "count": 33
        },
        "AgentController.Policy.ExtrinsicReward.sum": {
            "value": 922.5,
            "min": -457.5,
            "max": 1005.0,
            "count": 33
        },
        "AgentController.IsTraining.mean": {
            "value": 1.0,
            "min": 1.0,
            "max": 1.0,
            "count": 33
        },
        "AgentController.IsTraining.sum": {
            "value": 1.0,
            "min": 1.0,
            "max": 1.0,
            "count": 33
        },
        "HunterController.Policy.Entropy.mean": {
            "value": 1.4427757263183594,
            "min": 1.4176844358444214,
            "max": 1.4427757263183594,
            "count": 33
        },
        "HunterController.Policy.Entropy.sum": {
            "value": 14289.2509765625,
            "min": 13972.697265625,
            "max": 15097.50390625,
            "count": 33
        },
        "HunterController.Step.mean": {
            "value": 329945.0,
            "min": 9954.0,
            "max": 329945.0,
            "count": 33
        },
        "HunterController.Step.sum": {
            "value": 329945.0,
            "min": 9954.0,
            "max": 329945.0,
            "count": 33
        },
        "HunterController.Policy.ExtrinsicValueEstimate.mean": {
            "value": 0.6652445197105408,
            "min": -1.0195176601409912,
            "max": 0.6652445197105408,
            "count": 33
        },
        "HunterController.Policy.ExtrinsicValueEstimate.sum": {
            "value": 107.1043701171875,
            "min": -169.23992919921875,
            "max": 107.1043701171875,
            "count": 33
        },
        "HunterController.Environment.EpisodeLength.mean": {
            "value": 678.8461538461538,
            "min": 273.11764705882354,
            "max": 678.8461538461538,
            "count": 33
        },
        "HunterController.Environment.EpisodeLength.sum": {
            "value": 8825.0,
            "min": 8451.0,
            "max": 11697.0,
            "count": 33
        },
        "HunterController.Environment.CumulativeReward.mean": {
            "value": 47.69230769230769,
            "min": -2.361111111111111,
            "max": 47.69230769230769,
            "count": 33
        },
        "HunterController.Environment.CumulativeReward.sum": {
            "value": 620.0,
            "min": -85.0,
            "max": 620.0,
            "count": 33
        },
        "HunterController.Policy.ExtrinsicReward.mean": {
            "value": 47.69230769230769,
            "min": -2.361111111111111,
            "max": 47.69230769230769,
            "count": 33
        },
        "HunterController.Policy.ExtrinsicReward.sum": {
            "value": 620.0,
            "min": -85.0,
            "max": 620.0,
            "count": 33
        },
        "HunterController.IsTraining.mean": {
            "value": 1.0,
            "min": 1.0,
            "max": 1.0,
            "count": 33
        },
        "HunterController.IsTraining.sum": {
            "value": 1.0,
            "min": 1.0,
            "max": 1.0,
            "count": 33
        },
        "AgentController.Losses.PolicyLoss.mean": {
            "value": 0.01711011475417763,
            "min": 0.01711011475417763,
            "max": 0.028685792248385647,
            "count": 32
        },
        "AgentController.Losses.PolicyLoss.sum": {
            "value": 0.01711011475417763,
            "min": 0.01711011475417763,
            "max": 0.028685792248385647,
            "count": 32
        },
        "AgentController.Losses.ValueLoss.mean": {
            "value": 4.629737536112468,
            "min": 2.5587250789006553,
            "max": 4.792066224416097,
            "count": 32
        },
        "AgentController.Losses.ValueLoss.sum": {
            "value": 4.629737536112468,
            "min": 2.5587250789006553,
            "max": 4.792066224416097,
            "count": 32
        },
        "AgentController.Policy.LearningRate.mean": {
            "value": 0.0002506128164624,
            "min": 0.0002506128164624,
            "max": 0.0002984397005200999,
            "count": 32
        },
        "AgentController.Policy.LearningRate.sum": {
            "value": 0.0002506128164624,
            "min": 0.0002506128164624,
            "max": 0.0002984397005200999,
            "count": 32
        },
        "AgentController.Policy.Epsilon.mean": {
            "value": 0.18353760000000008,
            "min": 0.18353760000000008,
            "max": 0.19947990000000002,
            "count": 32
        },
        "AgentController.Policy.Epsilon.sum": {
            "value": 0.18353760000000008,
            "min": 0.18353760000000008,
            "max": 0.19947990000000002,
            "count": 32
        },
        "AgentController.Policy.Beta.mean": {
            "value": 0.004178526239999998,
            "min": 0.004178526239999998,
            "max": 0.0049740470100000005,
            "count": 32
        },
        "AgentController.Policy.Beta.sum": {
            "value": 0.004178526239999998,
            "min": 0.004178526239999998,
            "max": 0.0049740470100000005,
            "count": 32
        },
        "HunterController.Losses.PolicyLoss.mean": {
            "value": 0.028230898066734275,
            "min": 0.016905254680508127,
            "max": 0.03254447299502014,
            "count": 32
        },
        "HunterController.Losses.PolicyLoss.sum": {
            "value": 0.028230898066734275,
            "min": 0.016905254680508127,
            "max": 0.03254447299502014,
            "count": 32
        },
        "HunterController.Losses.ValueLoss.mean": {
            "value": 2.1573065360387167,
            "min": 0.19105364413311085,
            "max": 2.3680932919184365,
            "count": 32
        },