{
    "name": "root",
    "gauges": {
        "AgentController.Policy.Entropy.mean": {
            "value": 1.4066758155822754,
            "min": 1.4066758155822754,
            "max": 1.4313995838165283,
            "count": 31
        },
        "AgentController.Policy.Entropy.sum": {
            "value": 14201.798828125,
            "min": 13828.142578125,
            "max": 14598.037109375,
            "count": 31
        },
        "AgentController.Step.mean": {
            "value": 309990.0,
            "min": 9985.0,
            "max": 309990.0,
            "count": 31
        },
        "AgentController.Step.sum": {
            "value": 309990.0,
            "min": 9985.0,
            "max": 309990.0,
            "count": 31
        },
        "AgentController.Policy.ExtrinsicValueEstimate.mean": {
            "value": 1.8196231126785278,
            "min": -0.09301479160785675,
            "max": 2.002337694168091,
            "count": 31
        },
        "AgentController.Policy.ExtrinsicValueEstimate.sum": {
            "value": 367.5638732910156,
            "min": -14.975381851196289,
            "max": 394.46051025390625,
            "count": 31
        },
        "AgentController.Environment.EpisodeLength.mean": {
            "value": 128.34065934065933,
            "min": 113.42666666666666,
            "max": 1117.3636363636363,
            "count": 31
        },
        "AgentController.Environment.EpisodeLength.sum": {
            "value": 11679.0,
            "min": 2426.0,
            "max": 13697.0,
            "count": 31
        },
        "AgentController.Environment.CumulativeReward.mean": {
            "value": 21.76923076923077,
            "min": -8.285714285714286,
            "max": 27.205128205128204,
            "count": 31
        },
        "AgentController.Environment.CumulativeReward.sum": {
            "value": 1981.0,
            "min": -58.0,
            "max": 1981.0,
            "count": 31
        },
        "AgentController.Policy.ExtrinsicReward.mean": {
            "value": 21.76923076923077,
            "min": -8.285714285714286,
            "max": 27.205128205128204,
            "count": 31
        },
        "AgentController.Policy.ExtrinsicReward.sum": {
            "value": 1981.0,
            "min": -58.0,
            "max": 1981.0,
            "count": 31
        },
        "AgentController.IsTraining.mean": {
            "value": 1.0,
            "min": 1.0,
            "max": 1.0,
            "count": 31
        },
        "AgentController.IsTraining.sum": {
            "value": 1.0,
            "min": 1.0,
            "max": 1.0,
            "count": 31
        },
        "HunterController.Policy.Entropy.mean": {
            "value": 1.429992437362671,
            "min": 1.4189382791519165,
            "max": 1.4376194477081299,
            "count": 31
        },
        "HunterController.Policy.Entropy.sum": {
            "value": 14437.203125,
            "min": 13996.5888671875,
            "max": 14599.12109375,
            "count": 31
        },
        "HunterController.Step.mean": {
            "value": 309990.0,
            "min": 9985.0,
            "max": 309990.0,
            "count": 31
        },
        "HunterController.Step.sum": {
            "value": 309990.0,
            "min": 9985.0,
            "max": 309990.0,
            "count": 31
        },
        "HunterController.Policy.ExtrinsicValueEstimate.mean": {
            "value": 0.2342904508113861,
            "min": -0.15320321917533875,
            "max": 0.2362983524799347,
            "count": 31
        },
        "HunterController.Policy.ExtrinsicValueEstimate.sum": {
            "value": 47.3266716003418,
            "min": -24.512516021728516,
            "max": 47.3266716003418,
            "count": 31
        },
        "HunterController.Environment.EpisodeLength.mean": {
            "value": 128.34065934065933,
            "min": 113.42666666666666,
            "max": 1117.3636363636363,
            "count": 31
        },
        "HunterController.Environment.EpisodeLength.sum": {
            "value": 11679.0,
            "min": 2426.0,
            "max": 13697.0,
            "count": 31
        },
        "HunterController.Environment.CumulativeReward.mean": {
            "value": 0.6043956043956044,
            "min": -15.0,
            "max": 1.0666666666666667,
            "count": 31
        },
        "HunterController.Environment.CumulativeReward.sum": {
            "value": 55.0,
            "min": -165.0,
            "max": 80.0,
            "count": 31
        },
        "HunterController.Policy.ExtrinsicReward.mean": {
            "value": 0.6043956043956044,
            "min": -15.0,
            "max": 1.0666666666666667,
            "count": 31
        },
        "HunterController.Policy.ExtrinsicReward.sum": {
            "value": 55.0,
            "min": -165.0,
            "max": 80.0,
            "count": 31
        },
        "HunterController.IsTraining.mean": {
            "value": 1.0,
            "min": 1.0,
            "max": 1.0,
            "count": 31
        },
        "HunterController.IsTraining.sum": {
            "value": 1.0,
            "min": 1.0,
            "max": 1.0,
            "count": 31
        },
        "AgentController.Losses.PolicyLoss.mean": {
            "value": 0.02430839094061715,
            "min": 0.018988491360020513,
            "max": 0.027898065152112395,
            "count": 30
        },
        "AgentController.Losses.PolicyLoss.sum": {
            "value": 0.02430839094061715,
            "min": 0.018988491360020513,
            "max": 0.027898065152112395,
            "count": 30
        },
        "AgentController.Losses.ValueLoss.mean": {
            "value": 4.798144674301147,
            "min": 0.8053896625836691,
            "max": 5.093565328915914,
            "count": 30
        },
        "AgentController.Losses.ValueLoss.sum": {
            "value": 4.798144674301147,
            "min": 0.8053896625836691,
            "max": 5.093565328915914,
            "count": 30
        },
        "AgentController.Policy.LearningRate.mean": {
            "value": 0.00025372786542404995,
            "min": 0.00025372786542404995,
            "max": 0.0002984607005130999,
            "count": 30
        },
        "AgentController.Policy.LearningRate.sum": {
            "value": 0.00025372786542404995,
            "min": 0.00025372786542404995,
            "max": 0.0002984607005130999,
            "count": 30
        },
        "AgentController.Policy.Epsilon.mean": {
            "value": 0.18457595000000004,
            "min": 0.18457595000000004,
            "max": 0.19948690000000005,
            "count": 30
        },
        "AgentController.Policy.Epsilon.sum": {
            "value": 0.18457595000000004,
            "min": 0.18457595000000004,
            "max": 0.19948690000000005,
            "count": 30
        },
        "AgentController.Policy.Beta.mean": {
            "value": 0.004230339905000001,
            "min": 0.004230339905000001,
            "max": 0.0049743963099999995,
            "count": 30
        },
        "AgentController.Policy.Beta.sum": {
            "value": 0.004230339905000001,
            "min": 0.004230339905000001,
            "max": 0.0049743963099999995,
            "count": 30
        },
        "HunterController.Losses.PolicyLoss.mean": {
            "value": 0.02665619512942309,
            "min": 0.015463199272441367,
            "max": 0.030857506611694892,
            "count": 30
        },
        "HunterController.Losses.PolicyLoss.sum": {
            "value": 0.02665619512942309,
            "min": 0.015463199272441367,
            "max": 0.030857506611694892,
            "count": 30
        },
        "HunterController.Losses.ValueLoss.mean": {
            "value": 0.8562217652797699,
            "min": 0.28021468619505563,
            "max": 0.9889641503492991,
            "count": 30
        },