{
    "name": "root",
    "gauges": {
        "HunterController.Policy.Entropy.mean": {
            "value": 1.4376152753829956,
            "min": 1.4189382791519165,
            "max": 1.4376152753829956,
            "count": 15
        },
        "HunterController.Policy.Entropy.sum": {
            "value": 14261.1435546875,
            "min": 14095.3232421875,
            "max": 15097.50390625,
            "count": 15
        },
        "HunterController.Environment.EpisodeLength.mean": {
            "value": 312.19354838709677,
            "min": 245.9142857142857,
            "max": 350.3333333333333,
            "count": 15
        },
        "HunterController.Environment.EpisodeLength.sum": {
            "value": 9678.0,
            "min": 8607.0,
            "max": 10581.0,
            "count": 15
        },
        "HunterController.Step.mean": {
            "value": 149939.0,
            "min": 9986.0,
            "max": 149939.0,
            "count": 15
        },
        "HunterController.Step.sum": {
            "value": 149939.0,
            "min": 9986.0,
            "max": 149939.0,
            "count": 15
        },
        "HunterController.Policy.ExtrinsicValueEstimate.mean": {
            "value": 0.13078385591506958,
            "min": -0.27962642908096313,
            "max": 0.17111551761627197,
            "count": 15
        },
        "HunterController.Policy.ExtrinsicValueEstimate.sum": {
            "value": 22.494823455810547,
            "min": -48.654998779296875,
            "max": 29.089637756347656,
            "count": 15
        },
        "HunterController.Environment.CumulativeReward.mean": {
            "value": 1.4516129032258065,
            "min": -3.142857142857143,
            "max": 3.611111111111111,
            "count": 15
        },
        "HunterController.Environment.CumulativeReward.sum": {
            "value": 45.0,
            "min": -110.0,
            "max": 130.0,
            "count": 15
        },
        "HunterController.Policy.ExtrinsicReward.mean": {
            "value": 1.4516129032258065,
            "min": -3.142857142857143,
            "max": 3.611111111111111,
            "count": 15
        },
        "HunterController.Policy.ExtrinsicReward.sum": {
            "value": 45.0,
            "min": -110.0,
            "max": 130.0,
            "count": 15
        },
        "HunterController.IsTraining.mean": {
            "value": 1.0,
            "min": 1.0,
            "max": 1.0,
            "count": 15
        },
        "HunterController.IsTraining.sum": {
            "value": 1.0,
            "min": 1.0,
            "max": 1.0,
            "count": 15
        },
        "AgentController.Policy.Entropy.mean": {
            "value": 1.4172128438949585,
            "min": 1.4172128438949585,
            "max": 1.4278982877731323,
            "count": 15
        },
        "AgentController.Policy.Entropy.sum": {
            "value": 14058.7509765625,
            "min": 14058.7509765625,
            "max": 15097.50390625,
            "count": 15
        },
        "AgentController.Environment.EpisodeLength.mean": {
            "value": 312.19354838709677,
            "min": 245.9142857142857,
            "max": 350.3333333333333,
            "count": 15
        },
        "AgentController.Environment.EpisodeLength.sum": {
            "value": 9678.0,
            "min": 8607.0,
            "max": 10581.0,
            "count": 15
        },
        "AgentController.Step.mean": {
            "value": 149939.0,
            "min": 9986.0,
            "max": 149939.0,
            "count": 15
        },
        "AgentController.Step.sum": {
            "value": 149939.0,
            "min": 9986.0,
            "max": 149939.0,
            "count": 15
        },
        "AgentController.Policy.ExtrinsicValueEstimate.mean": {
            "value": 0.4329845905303955,
            "min": -0.39991089701652527,
            "max": 0.4329845905303955,
            "count": 15
        },
        "AgentController.Policy.ExtrinsicValueEstimate.sum": {
            "value": 74.47335052490234,
            "min": -66.38520812988281,
            "max": 74.47335052490234,
            "count": 15
        },
        "AgentController.Environment.CumulativeReward.mean": {
            "value": 20.580645161290324,
            "min": -11.5625,
            "max": 20.580645161290324,
            "count": 15
        },
        "AgentController.Environment.CumulativeReward.sum": {
            "value": 638.0,
            "min": -388.0,
            "max": 712.0,
            "count": 15
        },
        "AgentController.Policy.ExtrinsicReward.mean": {
            "value": 20.580645161290324,
            "min": -11.5625,
            "max": 20.580645161290324,
            "count": 15
        },
        "AgentController.Policy.ExtrinsicReward.sum": {
            "value": 638.0,
            "min": -388.0,
            "max": 712.0,
            "count": 15
        },
        "AgentController.IsTraining.mean": {
            "value": 1.0,
            "min": 1.0,
            "max": 1.0,
            "count": 15
        },
        "AgentController.IsTraining.sum": {
            "value": 1.0,
            "min": 1.0,
            "max": 1.0,
            "count": 15
        },
        "HunterController.Losses.PolicyLoss.mean": {
            "value": 0.026526897680014372,
            "min": 0.0183069790325438,
            "max": 0.030580637351764986,
            "count": 14
        },
        "HunterController.Losses.PolicyLoss.sum": {
            "value": 0.026526897680014372,
            "min": 0.0183069790325438,
            "max": 0.030580637351764986,
            "count": 14
        },
        "HunterController.Losses.ValueLoss.mean": {
            "value": 0.4587140162785848,
            "min": 0.037872285271684326,
            "max": 0.6571695402264595,
            "count": 14
        },
        "HunterController.Losses.ValueLoss.sum": {
            "value": 0.4587140162785848,
            "min": 0.037872285271684326,
            "max": 0.6571695402264595,
            "count": 14
        },
        "HunterController.Policy.LearningRate.mean": {
            "value": 0.0002784373571875499,
            "min": 0.0002784373571875499,
            "max": 0.00029845410051529994,
            "count": 14
        },
        "HunterController.Policy.LearningRate.sum": {
            "value": 0.0002784373571875499,
            "min": 0.0002784373571875499,
            "max": 0.00029845410051529994,
            "count": 14
        },
        "HunterController.Policy.Epsilon.mean": {
            "value": 0.19281245,
            "min": 0.19281245,
            "max": 0.19948470000000007,
            "count": 14
        },
        "HunterController.Policy.Epsilon.sum": {
            "value": 0.19281245,
            "min": 0.19281245,
            "max": 0.19948470000000007,
            "count": 14
        },
        "HunterController.Policy.Beta.mean": {
            "value": 0.004641341255,
            "min": 0.004641341255,
            "max": 0.004974286530000001,
            "count": 14
        },
        "HunterController.Policy.Beta.sum": {
            "value": 0.004641341255,
            "min": 0.004641341255,
            "max": 0.004974286530000001,
            "count": 14
        },
        "AgentController.Losses.PolicyLoss.mean": {
            "value": 0.023657841339202908,
            "min": 0.01769143096219826,
            "max": 0.03336144717565427,
            "count": 14
        },
        "AgentController.Losses.PolicyLoss.sum": {
            "value": 0.023657841339202908,
            "min": 0.01769143096219826,
            "max": 0.03336144717565427,
            "count": 14
        },
        "AgentController.Losses.ValueLoss.mean": {
            "value": 3.9353708108266194,
            "min": 2.400179076194763,
            "max": 4.144581365585327,
            "count": 14
        },