{
    "name": "root",
    "gauges": {
        "HunterController.Policy.Entropy.mean": {
            "value": 1.3880174160003662,
            "min": 1.3880174160003662,
            "max": 1.4271200895309448,
            "count": 49
        },
        "HunterController.Policy.Entropy.sum": {
            "value": 13835.7578125,
            "min": 13775.8662109375,
            "max": 15097.50390625,
            "count": 49
        },
        "HunterController.Environment.EpisodeLength.mean": {
            "value": 88.90825688073394,
            "min": 75.48091603053435,
            "max": 294.6857142857143,
            "count": 49
        },
        "HunterController.Environment.EpisodeLength.sum": {
            "value": 9691.0,
            "min": 8935.0,
            "max": 10977.0,
            "count": 49
        },
        "HunterController.Step.mean": {
            "value": 489947.0,
            "min": 9986.0,
            "max": 489947.0,
            "count": 49
        },
        "HunterController.Step.sum": {
            "value": 489947.0,
            "min": 9986.0,
            "max": 489947.0,
            "count": 49
        },
        "HunterController.Policy.ExtrinsicValueEstimate.mean": {
            "value": 3.9118571281433105,
            "min": -0.06567566096782684,
            "max": 3.9118571281433105,
            "count": 49
        },
        "HunterController.Policy.ExtrinsicValueEstimate.sum": {
            "value": 872.3441162109375,
            "min": -11.230538368225098,
            "max": 913.8406982421875,
            "count": 49
        },
        "HunterController.Environment.CumulativeReward.mean": {
            "value": 19.678899082568808,
            "min": -1.3235294117647058,
            "max": 20.0,
            "count": 49
        },
        "HunterController.Environment.CumulativeReward.sum": {
            "value": 2145.0,
            "min": -45.0,
            "max": 2495.0,
            "count": 49
        },
        "HunterController.Policy.ExtrinsicReward.mean": {
            "value": 19.678899082568808,
            "min": -1.3235294117647058,
            "max": 20.0,
            "count": 49
        },
        "HunterController.Policy.ExtrinsicReward.sum": {
            "value": 2145.0,
            "min": -45.0,
            "max": 2495.0,
            "count": 49
        },
        "HunterController.IsTraining.mean": {
            "value": 1.0,
            "min": 1.0,
            "max": 1.0,
            "count": 49
        },
        "HunterController.IsTraining.sum": {
            "value": 1.0,
            "min": 1.0,
            "max": 1.0,
            "count": 49
        },
        "AgentController.Policy.Entropy.mean": {
            "value": 1.3907212018966675,
            "min": 1.3907212018966675,
            "max": 1.4325708150863647,
            "count": 49
        },
        "AgentController.Policy.Entropy.sum": {
            "value": 13862.708984375,
            "min": 13822.7607421875,
            "max": 15097.50390625,
            "count": 49
        },
        "AgentController.Environment.EpisodeLength.mean": {
            "value": 88.90825688073394,
            "min": 75.48091603053435,
            "max": 294.6857142857143,
            "count": 49
        },
        "AgentController.Environment.EpisodeLength.sum": {
            "value": 9691.0,
            "min": 8935.0,
            "max": 10977.0,
            "count": 49
        },
        "AgentController.Step.mean": {
            "value": 489947.0,
            "min": 9986.0,
            "max": 489947.0,
            "count": 49
        },
        "AgentController.Step.sum": {
            "value": 489947.0,
            "min": 9986.0,
            "max": 489947.0,
            "count": 49
        },
        "AgentController.Policy.ExtrinsicValueEstimate.mean": {
            "value": 0.6077802777290344,
            "min": -0.5883123874664307,
            "max": 1.1413103342056274,
            "count": 49
        },
        "AgentController.Policy.ExtrinsicValueEstimate.sum": {
            "value": 135.53500366210938,
            "min": -100.01310729980469,
            "max": 245.3817138671875,
            "count": 49
        },
        "AgentController.Environment.CumulativeReward.mean": {
            "value": 10.321100917431192,
            "min": -13.91891891891892,
            "max": 15.380434782608695,
            "count": 49
        },
        "AgentController.Environment.CumulativeReward.sum": {
            "value": 1125.0,
            "min": -515.0,
            "max": 1415.0,
            "count": 49
        },
        "AgentController.Policy.ExtrinsicReward.mean": {
            "value": 10.321100917431192,
            "min": -13.91891891891892,
            "max": 15.380434782608695,
            "count": 49
        },
        "AgentController.Policy.ExtrinsicReward.sum": {
            "value": 1125.0,
            "min": -515.0,
            "max": 1415.0,
            "count": 49
        },
        "AgentController.IsTraining.mean": {
            "value": 1.0,
            "min": 1.0,
            "max": 1.0,
            "count": 49
        },
        "AgentController.IsTraining.sum": {
            "value": 1.0,
            "min": 1.0,
            "max": 1.0,
            "count": 49
        },
        "HunterController.Losses.PolicyLoss.mean": {
            "value": 0.028209432468671972,
            "min": 0.016183920823580895,
            "max": 0.036818880743036665,
            "count": 47
        },
        "HunterController.Losses.PolicyLoss.sum": {
            "value": 0.028209432468671972,
            "min": 0.016183920823580895,
            "max": 0.036818880743036665,
            "count": 47
        },
        "HunterController.Losses.ValueLoss.mean": {
            "value": 4.450642768541972,
            "min": 0.2495981032649676,
            "max": 4.816484689712524,
            "count": 47
        },
        "HunterController.Losses.ValueLoss.sum": {
            "value": 4.450642768541972,
            "min": 0.2495981032649676,
            "max": 4.816484689712524,
            "count": 47
        },
        "HunterController.Policy.LearningRate.mean": {
            "value": 0.00022757687414104994,
            "min": 0.00022757687414104994,
            "max": 0.00029845410051529994,
            "count": 47
        },
        "HunterController.Policy.LearningRate.sum": {
            "value": 0.00022757687414104994,
            "min": 0.00022757687414104994,
            "max": 0.00029845410051529994,
            "count": 47
        },
        "HunterController.Policy.Epsilon.mean": {
            "value": 0.17585895000000004,
            "min": 0.17585895000000004,
            "max": 0.19948470000000007,
            "count": 47
        },
        "HunterController.Policy.Epsilon.sum": {
            "value": 0.17585895000000004,
            "min": 0.17585895000000004,
            "max": 0.19948470000000007,
            "count": 47
        },
        "HunterController.Policy.Beta.mean": {
            "value": 0.0037953616050000016,
            "min": 0.0037953616050000016,
            "max": 0.004974286530000001,
            "count": 47
        },
        "HunterController.Policy.Beta.sum": {
            "value": 0.0037953616050000016,
            "min": 0.0037953616050000016,
            "max": 0.004974286530000001,
            "count": 47
        },
        "AgentController.Losses.PolicyLoss.mean": {
            "value": 0.029295727897745868,
            "min": 0.014858882734552025,
            "max": 0.03369099023208643,
            "count": 47
        },
        "AgentController.Losses.PolicyLoss.sum": {
            "value": 0.029295727897745868,
            "min": 0.014858882734552025,
            "max": 0.03369099023208643,
            "count": 47
        },
        "AgentController.Losses.ValueLoss.mean": {
            "value": 9.583597946166993,
            "min": 2.4898529132207234,
            "max": 9.913561566670735,