{"count":1,"self":28.7937472,"total":213.3697413,"children":{"InitializeActuators":{"count":32,"self":0.0024795999999999998,"total":0.0024795999999999998,"children":null},"InitializeSensors":{"count":32,"self":0.0024801999999999997,"total":0.0024801999999999997,"children":null},"AgentSendState":{"count":42934,"self":16.4323744,"total":44.9591486,"children":{"CollectObservations":{"count":274784,"self":0.4508492,"total":0.4508492,"children":null},"WriteActionMask":{"count":274784,"self":0.2078516,"total":0.2078516,"children":null},"RequestDecision":{"count":274784,"self":0.80297219999999991,"total":27.868073799999998,"children":{"AgentInfo.ToProto":{"count":274784,"self":0.71722,"total":27.0651016,"children":{"GenerateSensorData":{"count":274784,"self":25.54292,"total":26.347881599999997,"children":{"RayPerceptionSensor.Perceive":{"count":274784,"self":0.80496229999999991,"total":0.80496229999999991,"children":null}}}}}}}}},"DecideAction":{"count":42934,"self":136.4600192,"total":136.460017,"children":null},"AgentAct":{"count":42934,"self":3.1042395999999997,"total":3.1042395,"children":null},"AgentInfo.ToProto":{"count":278,"self":0.0044662999999999994,"total":0.0471319,"children":{"GenerateSensorData":{"count":278,"self":0.040682499999999996,"total":0.0426656,"children":{"RayPerceptionSensor.Perceive":{"count":278,"self":0.0019831,"total":0.0019831,"children":null}}}}}},"gauges":{"Agent Controller.CumulativeReward":{"count":139,"max":35,"min":-18,"runningAverage":-9.194244,"value":-13,"weightedAverage":-3.609721},"Hunter Controller.CumulativeReward":{"count":139,"max":10,"min":-30,"runningAverage":-10.6474848,"value":10,"weightedAverage":-4.21182966}},"metadata":{"timer_format_version":"0.1.0","start_time_seconds":"1721381568","unity_version":"2022.3.7f1","command_line_arguments":"D:\\Users\\2022.3.7f1\\Editor\\Unity.exe -projectpath D:\\Users\\areya\\Desktop\\MLsimulation\\SimML -useHub -hubIPC -cloudEnvironment production -licensingIpc LicenseClient-kbXGLdDVlsoej6226hfNl -hubSessionId 9275958f-565d-4d0d-8818-702a0b393f7c -accessToken tvAeHNzNPX_F39RR5Oi9tYNrfjCjjIGjmDPgijGJecM001f","communication_protocol_version":"1.5.0","com.unity.ml-agents_version":"2.0.1","scene_name":"SampleScene","end_time_seconds":"1721381781"}}