{"cameraMode":{"drawMode":0,"name":"Shaded","section":"Shading Mode"},"sceneLighting":false,"audioPlay":false,"sceneViewState":{"m_AlwaysRefresh":false,"showFog":true,"showSkybox":false,"showFlares":true,"showImageEffects":true,"showParticleSystems":true,"showVisualEffectGraphs":true,"m_FxEnabled":true},"in2DMode":false,"pivot":{"x":2.050753593444824,"y":4.76837158203125e-7,"z":3.7964210510253908},"rotation":{"x":0.3000495433807373,"y":-0.012643329799175263,"z":0.0035168800968676807,"w":0.9536941051483154},"size":4.0099873542785648,"orthographic":false}